-- phpMyAdmin SQL Dump
-- version 5.2.2
-- https://www.phpmyadmin.net/
--
-- Host: db
-- Generation Time: Apr 06, 2025 at 08:09 PM
-- Server version: 8.0.41
-- PHP Version: 8.2.27

SET SQL_MODE = "NO_AUTO_VALUE_ON_ZERO";
START TRANSACTION;
SET time_zone = "+00:00";


/*!40101 SET @OLD_CHARACTER_SET_CLIENT=@@CHARACTER_SET_CLIENT */;
/*!40101 SET @OLD_CHARACTER_SET_RESULTS=@@CHARACTER_SET_RESULTS */;
/*!40101 SET @OLD_COLLATION_CONNECTION=@@COLLATION_CONNECTION */;
/*!40101 SET NAMES utf8mb4 */;

--
-- Database: `symfony`
--

-- --------------------------------------------------------

--
-- Table structure for table `doctrine_migration_versions`
--

CREATE TABLE `doctrine_migration_versions` (
  `version` varchar(191) CHARACTER SET utf8mb3 COLLATE utf8mb3_unicode_ci NOT NULL,
  `executed_at` datetime DEFAULT NULL,
  `execution_time` int DEFAULT NULL
) ENGINE=InnoDB DEFAULT CHARSET=utf8mb3 COLLATE=utf8mb3_unicode_ci;

--
-- Dumping data for table `doctrine_migration_versions`
--

INSERT INTO `doctrine_migration_versions` (`version`, `executed_at`, `execution_time`) VALUES
('DoctrineMigrations\\Version20250207231437', '2025-02-13 20:23:07', 10),
('DoctrineMigrations\\Version20250213205323', '2025-02-13 20:53:30', 60),
('DoctrineMigrations\\Version20250223191256', '2025-02-23 19:13:03', 46),
('DoctrineMigrations\\Version20250223191521', '2025-02-23 19:15:27', 36),
('DoctrineMigrations\\Version20250223193058', '2025-02-23 19:31:04', 52),
('DoctrineMigrations\\Version20250223203150', '2025-02-23 20:31:56', 25);

-- --------------------------------------------------------

--
-- Table structure for table `instance_detail`
--

CREATE TABLE `instance_detail` (
  `id` int NOT NULL,
  `provider_id` int NOT NULL,
  `instance_type` varchar(50) CHARACTER SET utf8mb4 COLLATE utf8mb4_unicode_ci NOT NULL,
  `gpu_model` varchar(50) CHARACTER SET utf8mb4 COLLATE utf8mb4_unicode_ci NOT NULL,
  `vram` int NOT NULL,
  `vcpu` int NOT NULL,
  `ram` int NOT NULL,
  `network_performance` varchar(20) CHARACTER SET utf8mb4 COLLATE utf8mb4_unicode_ci NOT NULL,
  `number_of_gpus` int NOT NULL DEFAULT '0',
  `has_gpu` tinyint(1) NOT NULL DEFAULT '0'
) ENGINE=InnoDB DEFAULT CHARSET=utf8mb4 COLLATE=utf8mb4_unicode_ci;

--
-- Dumping data for table `instance_detail`
--

INSERT INTO `instance_detail` (`id`, `provider_id`, `instance_type`, `gpu_model`, `vram`, `vcpu`, `ram`, `network_performance`, `number_of_gpus`, `has_gpu`) VALUES
(114, 3, 'g5.4xlarge', 'A10G', 24576, 16, 65536, 'Up to 25 Gigabit', 1, 1),
(115, 3, 'g5.2xlarge', 'A10G', 24576, 8, 32768, 'Up to 10 Gigabit', 1, 1),
(116, 3, 'g6e.8xlarge', 'L40S', 45776, 32, 262144, '25 Gigabit', 1, 1),
(117, 3, 'g6.24xlarge', 'L4', 366212, 96, 393216, '50 Gigabit', 4, 1),
(118, 3, 'g6e.48xlarge', 'L40S', 2929688, 192, 1572864, '400 Gigabit', 8, 1),
(119, 3, 'g4dn.12xlarge', 'T4', 65536, 48, 196608, '50 Gigabit', 4, 1),
(120, 3, 'g6.8xlarge', 'L4', 22888, 32, 131072, '25 Gigabit', 1, 1),
(121, 3, 'g6.48xlarge', 'L4', 1464840, 192, 786432, '100 Gigabit', 8, 1),
(122, 3, 'g6e.16xlarge', 'L40S', 45776, 64, 524288, '35 Gigabit', 1, 1),
(123, 3, 'g5.24xlarge', 'A10G', 98304, 96, 393216, '50 Gigabit', 4, 1),
(124, 3, 'p3.2xlarge', 'V100', 16384, 8, 62464, 'Up to 10 Gigabit', 1, 1),
(125, 3, 'p2.8xlarge', 'K80', 98304, 32, 499712, '10 Gigabit', 8, 1),
(126, 3, 'g4ad.8xlarge', 'Radeon Pro V520', 16384, 32, 131072, '15 Gigabit', 2, 1),
(127, 3, 'g4ad.2xlarge', 'Radeon Pro V520', 8192, 8, 32768, 'Up to 10 Gigabit', 1, 1),
(128, 3, 'g5g.2xlarge', 'T4g', 16384, 8, 16384, 'Up to 10 Gigabit', 1, 1),
(129, 3, 'g4ad.4xlarge', 'Radeon Pro V520', 8192, 16, 65536, 'Up to 10 Gigabit', 1, 1),
(130, 3, 'g5g.16xlarge', 'T4g', 32768, 64, 131072, '25 Gigabit', 2, 1),
(131, 3, 'p4d.24xlarge', 'A100', 327680, 96, 1179648, '4x 100 Gigabit', 8, 1),
(132, 3, 'g5.12xlarge', 'A10G', 98304, 48, 196608, '40 Gigabit', 4, 1),
(133, 3, 'g6e.12xlarge', 'L40S', 732420, 48, 393216, '100 Gigabit', 4, 1),
(134, 3, 'g5g.8xlarge', 'T4g', 16384, 32, 65536, '12 Gigabit', 1, 1),
(135, 3, 'g5.16xlarge', 'A10G', 24576, 64, 262144, '25 Gigabit', 1, 1),
(136, 3, 'g5.xlarge', 'A10G', 24576, 4, 16384, 'Up to 10 Gigabit', 1, 1),
(137, 3, 'g4dn.xlarge', 'T4', 16384, 4, 16384, 'Up to 25 Gigabit', 1, 1),
(138, 3, 'g6.12xlarge', 'L4', 366212, 48, 196608, '40 Gigabit', 4, 1),
(139, 3, 'g6.2xlarge', 'L4', 22888, 8, 32768, 'Up to 10 Gigabit', 1, 1),
(140, 3, 'g6.16xlarge', 'L4', 22888, 64, 262144, '25 Gigabit', 1, 1),
(141, 3, 'g6.xlarge', 'L4', 22888, 4, 16384, 'Up to 10 Gigabit', 1, 1),
(142, 3, 'g6e.2xlarge', 'L40S', 45776, 8, 65536, 'Up to 20 Gigabit', 1, 1),
(143, 3, 'gr6.8xlarge', 'L4', 22888, 32, 262144, '25 Gigabit', 1, 1),
(144, 3, 'g6.4xlarge', 'L4', 22888, 16, 65536, 'Up to 25 Gigabit', 1, 1),
(145, 3, 'g6e.4xlarge', 'L40S', 45776, 16, 131072, '20 Gigabit', 1, 1),
(146, 3, 'g4dn.16xlarge', 'T4', 16384, 64, 262144, '50 Gigabit', 1, 1),
(147, 3, 'p2.xlarge', 'K80', 12288, 4, 62464, 'High', 1, 1),
(148, 3, 'g5.8xlarge', 'A10G', 24576, 32, 131072, '25 Gigabit', 1, 1),
(149, 3, 'p3.16xlarge', 'V100', 131072, 64, 499712, '25 Gigabit', 8, 1),
(150, 3, 'g6e.xlarge', 'L40S', 45776, 4, 32768, 'Up to 20 Gigabit', 1, 1),
(151, 3, 'g4ad.16xlarge', 'Radeon Pro V520', 32768, 64, 262144, '25 Gigabit', 4, 1),
(152, 3, 'gr6.4xlarge', 'L4', 22888, 16, 131072, 'Up to 25 Gigabit', 1, 1),
(153, 3, 'g5.48xlarge', 'A10G', 196608, 192, 786432, '100 Gigabit', 8, 1),
(154, 3, 'g5g.4xlarge', 'T4g', 16384, 16, 32768, 'Up to 10 Gigabit', 1, 1),
(155, 3, 'p3.8xlarge', 'V100', 65536, 32, 249856, '10 Gigabit', 4, 1),
(156, 3, 'g4dn.2xlarge', 'T4', 16384, 8, 32768, 'Up to 25 Gigabit', 1, 1),
(157, 3, 'g5g.xlarge', 'T4g', 16384, 4, 8192, 'Up to 10 Gigabit', 1, 1),
(158, 3, 'g4dn.4xlarge', 'T4', 16384, 16, 65536, 'Up to 25 Gigabit', 1, 1),
(159, 3, 'g4ad.xlarge', 'Radeon Pro V520', 8192, 4, 16384, 'Up to 10 Gigabit', 1, 1),
(160, 3, 'g4dn.8xlarge', 'T4', 16384, 32, 131072, '50 Gigabit', 1, 1),
(161, 3, 'p2.16xlarge', 'K80', 196608, 64, 749568, '25 Gigabit', 16, 1),
(162, 3, 'g6e.24xlarge', 'L40S', 732420, 96, 786432, '200 Gigabit', 4, 1);

-- --------------------------------------------------------

--
-- Table structure for table `instance_spot`
--

CREATE TABLE `instance_spot` (
  `id` int NOT NULL,
  `instance_detail_id` int NOT NULL,
  `spot_price` decimal(10,5) NOT NULL,
  `availability_zone` varchar(50) CHARACTER SET utf8mb4 COLLATE utf8mb4_unicode_ci NOT NULL,
  `timestamp` datetime NOT NULL,
  `os_supported` varchar(255) CHARACTER SET utf8mb4 COLLATE utf8mb4_unicode_ci DEFAULT NULL
) ENGINE=InnoDB DEFAULT CHARSET=utf8mb4 COLLATE=utf8mb4_unicode_ci;

--
-- Dumping data for table `instance_spot`
--

INSERT INTO `instance_spot` (`id`, `instance_detail_id`, `spot_price`, `availability_zone`, `timestamp`, `os_supported`) VALUES
(1, 123, 2.03780, 'eu-central-1a', '2025-02-23 20:31:27', 'Linux/UNIX'),
(2, 122, 1.73810, 'eu-central-1c', '2025-02-23 20:16:28', 'Linux/UNIX'),
(3, 132, 2.18320, 'eu-central-1c', '2025-02-23 20:01:52', 'Linux/UNIX'),
(4, 129, 0.43880, 'eu-central-1b', '2025-02-23 20:01:45', 'Linux/UNIX'),
(5, 114, 0.59540, 'eu-central-1c', '2025-02-23 19:46:35', 'Linux/UNIX'),
(6, 118, 11.13300, 'eu-central-1a', '2025-02-23 19:32:22', 'Linux/UNIX'),
(7, 115, 0.56840, 'eu-central-1a', '2025-02-23 19:32:20', 'Linux/UNIX'),
(8, 116, 1.74080, 'eu-central-1c', '2025-02-23 19:17:13', 'Linux/UNIX'),
(9, 121, 2.74080, 'eu-central-1b', '2025-02-23 19:17:10', 'Linux/UNIX'),
(10, 126, 0.90830, 'eu-central-1b', '2025-02-23 18:46:53', 'Linux/UNIX'),
(11, 121, 2.71470, 'eu-central-1b', '2025-02-23 18:37:10', 'Linux/UNIX'),
(12, 121, 3.04610, 'eu-central-1a', '2025-02-23 18:37:10', 'Linux/UNIX'),
(13, 128, 0.20800, 'eu-central-1c', '2025-02-23 18:32:21', 'Linux/UNIX'),
(14, 119, 1.22280, 'eu-central-1c', '2025-02-23 18:32:20', 'Linux/UNIX'),
(15, 129, 0.42920, 'eu-central-1a', '2025-02-23 18:17:33', 'Linux/UNIX'),
(16, 124, 0.53700, 'eu-central-1b', '2025-02-23 18:17:27', 'Linux/UNIX'),
(17, 124, 0.54850, 'eu-central-1a', '2025-02-23 18:17:27', 'Linux/UNIX'),
(18, 119, 1.52100, 'eu-central-1b', '2025-02-23 18:17:20', 'Linux/UNIX'),
(19, 131, 40.94480, 'eu-central-1b', '2025-02-23 18:15:17', 'Linux/UNIX'),
(20, 133, 4.38340, 'eu-central-1a', '2025-02-23 18:02:07', 'Linux/UNIX'),
(21, 127, 0.24840, 'eu-central-1b', '2025-02-23 18:01:22', 'Linux/UNIX'),
(22, 126, 0.84480, 'eu-central-1a', '2025-02-23 17:46:53', 'Linux/UNIX'),
(23, 122, 2.39170, 'eu-central-1a', '2025-02-23 17:01:26', 'Linux/UNIX'),
(24, 122, 1.73750, 'eu-central-1c', '2025-02-23 17:01:26', 'Linux/UNIX'),
(25, 123, 1.51730, 'eu-central-1c', '2025-02-23 17:01:24', 'Linux/UNIX'),
(26, 121, 3.04610, 'eu-central-1a', '2025-02-23 16:47:32', 'Linux/UNIX'),
(27, 123, 1.60880, 'eu-central-1b', '2025-02-23 16:46:24', 'Linux/UNIX'),
(28, 115, 0.56630, 'eu-central-1c', '2025-02-23 16:32:14', 'Linux/UNIX'),
(29, 127, 0.24850, 'eu-central-1a', '2025-02-23 16:31:22', 'Linux/UNIX'),
(30, 118, 11.13740, 'eu-central-1a', '2025-02-23 16:17:30', 'Linux/UNIX'),
(31, 115, 0.57040, 'eu-central-1a', '2025-02-23 16:01:46', 'Linux/UNIX'),
(32, 118, 10.82130, 'eu-central-1c', '2025-02-23 15:47:29', 'Linux/UNIX'),
(33, 130, 0.34330, 'eu-central-1c', '2025-02-23 15:30:50', 'Linux/UNIX'),
(34, 128, 0.20890, 'eu-central-1c', '2025-02-23 15:17:19', 'Linux/UNIX'),
(35, 116, 0.95200, 'eu-central-1a', '2025-02-23 15:17:10', 'Linux/UNIX'),
(36, 132, 2.17660, 'eu-central-1b', '2025-02-23 14:46:50', 'Linux/UNIX'),
(37, 117, 2.23060, 'eu-central-1a', '2025-02-23 14:17:24', 'Linux/UNIX'),
(38, 114, 0.55830, 'eu-central-1a', '2025-02-23 14:16:57', 'Linux/UNIX'),
(39, 120, 0.94570, 'eu-central-1a', '2025-02-23 14:16:35', 'Linux/UNIX'),
(40, 119, 1.24590, 'eu-central-1a', '2025-02-23 14:02:09', 'Linux/UNIX'),
(41, 129, 0.43840, 'eu-central-1b', '2025-02-23 14:01:39', 'Linux/UNIX'),
(42, 132, 2.17680, 'eu-central-1c', '2025-02-23 13:46:57', 'Linux/UNIX'),
(43, 117, 2.19500, 'eu-central-1b', '2025-02-23 13:32:23', 'Linux/UNIX'),
(44, 119, 1.51870, 'eu-central-1b', '2025-02-23 13:32:09', 'Linux/UNIX'),
(45, 114, 0.69320, 'eu-central-1b', '2025-02-23 13:31:49', 'Linux/UNIX'),
(46, 114, 0.59450, 'eu-central-1c', '2025-02-23 13:31:49', 'Linux/UNIX'),
(47, 116, 1.73360, 'eu-central-1c', '2025-02-23 13:31:46', 'Linux/UNIX'),
(48, 126, 0.90610, 'eu-central-1b', '2025-02-23 13:17:29', 'Linux/UNIX'),
(49, 123, 2.03380, 'eu-central-1a', '2025-02-23 13:17:23', 'Linux/UNIX'),
(50, 132, 1.86380, 'eu-central-1a', '2025-02-23 13:16:57', 'Linux/UNIX'),
(51, 133, 4.63530, 'eu-central-1c', '2025-02-23 12:47:34', 'Linux/UNIX'),
(52, 115, 0.56390, 'eu-central-1b', '2025-02-23 12:47:07', 'Linux/UNIX'),
(53, 124, 0.54780, 'eu-central-1a', '2025-02-23 12:46:37', 'Linux/UNIX'),
(54, 120, 0.95900, 'eu-central-1b', '2025-02-23 12:16:34', 'Linux/UNIX'),
(55, 124, 0.52850, 'eu-central-1b', '2025-02-23 12:02:34', 'Linux/UNIX'),
(56, 129, 0.42560, 'eu-central-1a', '2025-02-23 12:01:35', 'Linux/UNIX'),
(57, 126, 0.84560, 'eu-central-1a', '2025-02-23 11:46:55', 'Linux/UNIX'),
(58, 133, 4.36140, 'eu-central-1a', '2025-02-23 11:17:35', 'Linux/UNIX'),
(59, 116, 0.94830, 'eu-central-1a', '2025-02-23 11:17:33', 'Linux/UNIX'),
(60, 121, 2.98230, 'eu-central-1a', '2025-02-23 11:16:40', 'Linux/UNIX'),
(61, 118, 10.83690, 'eu-central-1c', '2025-02-23 11:01:34', 'Linux/UNIX'),
(62, 119, 1.20260, 'eu-central-1c', '2025-02-23 10:32:06', 'Linux/UNIX'),
(63, 121, 2.71470, 'eu-central-1b', '2025-02-23 10:31:40', 'Linux/UNIX'),
(64, 123, 1.63050, 'eu-central-1b', '2025-02-23 10:17:22', 'Linux/UNIX'),
(65, 123, 1.50440, 'eu-central-1c', '2025-02-23 10:17:22', 'Linux/UNIX'),
(66, 127, 0.24830, 'eu-central-1b', '2025-02-23 10:16:29', 'Linux/UNIX'),
(67, 115, 0.56500, 'eu-central-1a', '2025-02-23 10:02:18', 'Linux/UNIX'),
(68, 114, 0.55180, 'eu-central-1a', '2025-02-23 10:01:38', 'Linux/UNIX'),
(69, 116, 1.72640, 'eu-central-1c', '2025-02-23 09:47:21', 'Linux/UNIX'),
(70, 115, 0.56250, 'eu-central-1c', '2025-02-23 09:32:18', 'Linux/UNIX'),
(71, 126, 0.90820, 'eu-central-1b', '2025-02-23 09:31:34', 'Linux/UNIX'),
(72, 127, 0.24860, 'eu-central-1a', '2025-02-23 09:01:24', 'Linux/UNIX'),
(73, 118, 11.11290, 'eu-central-1a', '2025-02-23 08:47:25', 'Linux/UNIX'),
(74, 132, 2.18060, 'eu-central-1b', '2025-02-23 08:17:34', 'Linux/UNIX'),
(75, 122, 2.39490, 'eu-central-1a', '2025-02-23 08:16:28', 'Linux/UNIX'),
(76, 122, 1.71220, 'eu-central-1c', '2025-02-23 08:16:28', 'Linux/UNIX'),
(77, 133, 4.60730, 'eu-central-1c', '2025-02-23 08:02:35', 'Linux/UNIX'),
(78, 129, 0.42500, 'eu-central-1a', '2025-02-23 08:02:20', 'Linux/UNIX'),
(79, 119, 1.51100, 'eu-central-1b', '2025-02-23 07:46:49', 'Linux/UNIX'),
(80, 115, 0.56160, 'eu-central-1b', '2025-02-23 07:46:41', 'Linux/UNIX'),
(81, 132, 2.16820, 'eu-central-1c', '2025-02-23 07:32:33', 'Linux/UNIX'),
(82, 123, 2.02510, 'eu-central-1a', '2025-02-23 07:32:20', 'Linux/UNIX'),
(83, 120, 0.94260, 'eu-central-1a', '2025-02-23 07:16:54', 'Linux/UNIX'),
(84, 117, 2.22740, 'eu-central-1a', '2025-02-23 07:16:48', 'Linux/UNIX'),
(85, 117, 2.19420, 'eu-central-1b', '2025-02-23 07:01:42', 'Linux/UNIX'),
(86, 114, 0.59260, 'eu-central-1c', '2025-02-23 06:47:05', 'Linux/UNIX'),
(87, 120, 0.95920, 'eu-central-1b', '2025-02-23 06:46:54', 'Linux/UNIX'),
(88, 121, 2.97740, 'eu-central-1a', '2025-02-23 06:46:39', 'Linux/UNIX'),
(89, 128, 0.21000, 'eu-central-1c', '2025-02-23 06:32:16', 'Linux/UNIX'),
(90, 119, 1.24840, 'eu-central-1a', '2025-02-23 06:16:48', 'Linux/UNIX'),
(91, 126, 0.90540, 'eu-central-1b', '2025-02-23 06:02:31', 'Linux/UNIX'),
(92, 124, 0.54660, 'eu-central-1a', '2025-02-23 06:02:21', 'Linux/UNIX'),
(93, 123, 1.63240, 'eu-central-1b', '2025-02-23 06:02:20', 'Linux/UNIX'),
(94, 133, 4.34670, 'eu-central-1a', '2025-02-23 05:47:31', 'Linux/UNIX'),
(95, 114, 0.68870, 'eu-central-1b', '2025-02-23 05:47:06', 'Linux/UNIX'),
(96, 124, 0.52350, 'eu-central-1b', '2025-02-23 05:32:21', 'Linux/UNIX'),
(97, 121, 2.70200, 'eu-central-1b', '2025-02-23 05:31:37', 'Linux/UNIX'),
(98, 123, 1.49790, 'eu-central-1c', '2025-02-23 05:17:20', 'Linux/UNIX'),
(99, 114, 0.54980, 'eu-central-1a', '2025-02-23 05:16:34', 'Linux/UNIX'),
(100, 116, 0.92830, 'eu-central-1a', '2025-02-23 05:02:11', 'Linux/UNIX'),
(101, 118, 10.83390, 'eu-central-1c', '2025-02-23 04:47:30', 'Linux/UNIX'),
(102, 115, 0.55870, 'eu-central-1c', '2025-02-23 04:17:29', 'Linux/UNIX'),
(103, 116, 1.72160, 'eu-central-1c', '2025-02-23 03:32:11', 'Linux/UNIX'),
(104, 115, 0.56140, 'eu-central-1a', '2025-02-23 03:16:34', 'Linux/UNIX'),
(105, 129, 0.42430, 'eu-central-1a', '2025-02-23 03:02:30', 'Linux/UNIX'),
(106, 126, 0.84510, 'eu-central-1a', '2025-02-23 03:01:36', 'Linux/UNIX'),
(107, 119, 1.22390, 'eu-central-1c', '2025-02-23 02:46:47', 'Linux/UNIX'),
(108, 133, 4.54750, 'eu-central-1c', '2025-02-23 02:32:21', 'Linux/UNIX'),
(109, 120, 0.93850, 'eu-central-1a', '2025-02-23 02:31:53', 'Linux/UNIX'),
(110, 114, 0.68400, 'eu-central-1b', '2025-02-23 02:17:29', 'Linux/UNIX'),
(111, 122, 2.39870, 'eu-central-1a', '2025-02-23 02:17:26', 'Linux/UNIX'),
(112, 127, 0.24850, 'eu-central-1a', '2025-02-23 02:17:15', 'Linux/UNIX'),
(113, 115, 0.56040, 'eu-central-1b', '2025-02-23 02:02:24', 'Linux/UNIX'),
(114, 122, 1.67840, 'eu-central-1c', '2025-02-23 02:01:35', 'Linux/UNIX'),
(115, 120, 0.96010, 'eu-central-1b', '2025-02-23 01:46:53', 'Linux/UNIX'),
(116, 118, 11.06220, 'eu-central-1a', '2025-02-23 01:31:35', 'Linux/UNIX'),
(117, 129, 0.43740, 'eu-central-1b', '2025-02-23 01:02:30', 'Linux/UNIX'),
(118, 121, 2.91150, 'eu-central-1a', '2025-02-23 01:01:35', 'Linux/UNIX'),
(119, 123, 2.00930, 'eu-central-1a', '2025-02-23 00:47:18', 'Linux/UNIX'),
(120, 128, 0.21180, 'eu-central-1c', '2025-02-23 00:47:13', 'Linux/UNIX'),
(121, 123, 1.64570, 'eu-central-1b', '2025-02-23 00:32:17', 'Linux/UNIX'),
(122, 123, 1.48200, 'eu-central-1c', '2025-02-23 00:32:17', 'Linux/UNIX'),
(123, 132, 2.18340, 'eu-central-1b', '2025-02-23 00:17:29', 'Linux/UNIX'),
(124, 132, 1.85070, 'eu-central-1a', '2025-02-23 00:17:29', 'Linux/UNIX'),
(125, 127, 0.24880, 'eu-central-1b', '2025-02-23 00:17:24', 'Linux/UNIX'),
(126, 121, 2.65380, 'eu-central-1b', '2025-02-22 23:47:34', 'Linux/UNIX'),
(127, 132, 2.14640, 'eu-central-1c', '2025-02-22 23:17:29', 'Linux/UNIX'),
(128, 116, 0.91800, 'eu-central-1a', '2025-02-22 23:17:27', 'Linux/UNIX'),
(129, 124, 0.54650, 'eu-central-1a', '2025-02-22 23:17:17', 'Linux/UNIX'),
(130, 117, 2.21890, 'eu-central-1a', '2025-02-22 23:16:38', 'Linux/UNIX'),
(131, 125, 10.60800, 'eu-central-1a', '2025-02-22 22:08:57', 'Linux/UNIX'),
(132, 119, 1.25060, 'eu-central-1a', '2025-02-22 22:01:54', 'Linux/UNIX'),
(133, 117, 2.19290, 'eu-central-1b', '2025-02-22 22:01:37', 'Linux/UNIX'),
(134, 133, 4.32050, 'eu-central-1a', '2025-02-22 21:46:44', 'Linux/UNIX'),
(135, 114, 0.59330, 'eu-central-1c', '2025-02-22 21:46:33', 'Linux/UNIX'),
(136, 126, 0.90570, 'eu-central-1b', '2025-02-22 21:17:31', 'Linux/UNIX'),
(137, 132, 2.18180, 'eu-central-1b', '2025-02-22 21:02:27', 'Linux/UNIX'),
(138, 114, 0.68060, 'eu-central-1b', '2025-02-22 21:01:45', 'Linux/UNIX'),
(139, 115, 0.56000, 'eu-central-1b', '2025-02-22 21:01:35', 'Linux/UNIX'),
(140, 118, 10.82140, 'eu-central-1c', '2025-02-22 20:47:33', 'Linux/UNIX'),
(141, 132, 1.84880, 'eu-central-1a', '2025-02-22 20:47:27', 'Linux/UNIX'),
(142, 114, 0.54910, 'eu-central-1a', '2025-02-22 20:47:18', 'Linux/UNIX'),
(143, 124, 0.51890, 'eu-central-1b', '2025-02-22 20:47:16', 'Linux/UNIX'),
(144, 121, 2.86830, 'eu-central-1a', '2025-02-22 20:47:03', 'Linux/UNIX'),
(145, 119, 1.50170, 'eu-central-1b', '2025-02-22 20:31:53', 'Linux/UNIX'),
(146, 115, 0.55850, 'eu-central-1c', '2025-02-22 20:17:23', 'Linux/UNIX'),
(147, 122, 1.64450, 'eu-central-1c', '2025-02-22 20:16:37', 'Linux/UNIX'),
(148, 115, 0.56080, 'eu-central-1a', '2025-02-22 20:01:57', 'Linux/UNIX'),
(149, 133, 4.53730, 'eu-central-1c', '2025-02-22 20:01:32', 'Linux/UNIX'),
(150, 129, 0.43730, 'eu-central-1b', '2025-02-22 19:47:33', 'Linux/UNIX'),
(151, 127, 0.24890, 'eu-central-1b', '2025-02-22 19:46:39', 'Linux/UNIX'),
(152, 126, 0.85370, 'eu-central-1a', '2025-02-22 19:32:30', 'Linux/UNIX'),
(153, 116, 1.71720, 'eu-central-1c', '2025-02-22 19:32:29', 'Linux/UNIX'),
(154, 117, 2.20360, 'eu-central-1a', '2025-02-22 19:16:36', 'Linux/UNIX'),
(155, 120, 0.93580, 'eu-central-1a', '2025-02-22 19:01:49', 'Linux/UNIX'),
(156, 122, 2.40600, 'eu-central-1a', '2025-02-22 19:01:37', 'Linux/UNIX'),
(157, 121, 2.65100, 'eu-central-1b', '2025-02-22 18:47:02', 'Linux/UNIX'),
(158, 120, 0.96480, 'eu-central-1b', '2025-02-22 18:46:49', 'Linux/UNIX'),
(159, 129, 0.42310, 'eu-central-1a', '2025-02-22 18:32:33', 'Linux/UNIX'),
(160, 131, 40.94480, 'eu-central-1b', '2025-02-22 18:14:33', 'Linux/UNIX'),
(161, 124, 0.54720, 'eu-central-1a', '2025-02-22 17:47:12', 'Linux/UNIX'),
(162, 118, 11.03510, 'eu-central-1a', '2025-02-22 17:32:24', 'Linux/UNIX'),
(163, 128, 0.21360, 'eu-central-1c', '2025-02-22 16:32:10', 'Linux/UNIX'),
(164, 118, 10.79710, 'eu-central-1c', '2025-02-22 16:17:28', 'Linux/UNIX'),
(165, 123, 1.46720, 'eu-central-1c', '2025-02-22 16:17:14', 'Linux/UNIX'),
(166, 133, 4.31270, 'eu-central-1a', '2025-02-22 16:16:41', 'Linux/UNIX'),
(167, 132, 2.17050, 'eu-central-1b', '2025-02-22 16:02:29', 'Linux/UNIX'),
(168, 123, 2.00520, 'eu-central-1a', '2025-02-22 16:02:14', 'Linux/UNIX'),
(169, 122, 1.64010, 'eu-central-1c', '2025-02-22 16:01:35', 'Linux/UNIX'),
(170, 123, 1.68520, 'eu-central-1b', '2025-02-22 15:47:14', 'Linux/UNIX'),
(171, 121, 2.63900, 'eu-central-1b', '2025-02-22 15:32:30', 'Linux/UNIX'),
(172, 130, 0.34330, 'eu-central-1c', '2025-02-22 15:30:40', 'Linux/UNIX'),
(173, 114, 0.59510, 'eu-central-1c', '2025-02-22 15:17:29', 'Linux/UNIX'),
(174, 126, 0.86240, 'eu-central-1a', '2025-02-22 15:17:28', 'Linux/UNIX'),
(175, 132, 1.84390, 'eu-central-1a', '2025-02-22 15:02:29', 'Linux/UNIX'),
(176, 132, 2.14660, 'eu-central-1c', '2025-02-22 15:02:29', 'Linux/UNIX'),
(177, 129, 0.42190, 'eu-central-1a', '2025-02-22 15:02:21', 'Linux/UNIX'),
(178, 133, 4.51240, 'eu-central-1c', '2025-02-22 15:01:56', 'Linux/UNIX'),
(179, 114, 0.54890, 'eu-central-1a', '2025-02-22 15:01:47', 'Linux/UNIX'),
(180, 114, 0.67390, 'eu-central-1b', '2025-02-22 14:31:47', 'Linux/UNIX'),
(181, 116, 0.91440, 'eu-central-1a', '2025-02-22 14:16:57', 'Linux/UNIX'),
(182, 117, 2.19210, 'eu-central-1b', '2025-02-22 14:16:43', 'Linux/UNIX'),
(183, 127, 0.24800, 'eu-central-1a', '2025-02-22 14:02:31', 'Linux/UNIX'),
(184, 119, 1.22560, 'eu-central-1c', '2025-02-22 13:32:08', 'Linux/UNIX'),
(185, 124, 0.51630, 'eu-central-1b', '2025-02-22 13:31:45', 'Linux/UNIX'),
(186, 119, 1.50000, 'eu-central-1b', '2025-02-22 13:01:54', 'Linux/UNIX'),
(187, 115, 0.55620, 'eu-central-1c', '2025-02-22 13:01:34', 'Linux/UNIX'),
(188, 122, 1.61230, 'eu-central-1c', '2025-02-22 12:47:21', 'Linux/UNIX'),
(189, 116, 1.71580, 'eu-central-1c', '2025-02-22 12:47:01', 'Linux/UNIX'),
(190, 120, 0.93260, 'eu-central-1a', '2025-02-22 12:46:46', 'Linux/UNIX'),
(191, 115, 0.56050, 'eu-central-1b', '2025-02-22 12:46:34', 'Linux/UNIX'),
(192, 121, 2.85150, 'eu-central-1a', '2025-02-22 12:17:29', 'Linux/UNIX'),
(193, 126, 0.90950, 'eu-central-1b', '2025-02-22 12:17:27', 'Linux/UNIX'),
(194, 119, 1.25040, 'eu-central-1a', '2025-02-22 12:16:54', 'Linux/UNIX'),
(195, 118, 10.76270, 'eu-central-1c', '2025-02-22 11:47:25', 'Linux/UNIX'),
(196, 117, 2.15390, 'eu-central-1a', '2025-02-22 11:31:41', 'Linux/UNIX'),
(197, 126, 0.87240, 'eu-central-1a', '2025-02-22 11:31:40', 'Linux/UNIX'),
(198, 129, 0.43780, 'eu-central-1b', '2025-02-22 11:02:24', 'Linux/UNIX'),
(199, 115, 0.55280, 'eu-central-1a', '2025-02-22 11:02:00', 'Linux/UNIX'),
(200, 123, 1.97380, 'eu-central-1a', '2025-02-22 10:47:12', 'Linux/UNIX'),
(201, 127, 0.24850, 'eu-central-1b', '2025-02-22 10:32:31', 'Linux/UNIX'),
(202, 114, 0.66710, 'eu-central-1b', '2025-02-22 10:31:43', 'Linux/UNIX'),
(203, 120, 0.98010, 'eu-central-1b', '2025-02-22 10:16:45', 'Linux/UNIX'),
(204, 114, 0.54800, 'eu-central-1a', '2025-02-22 10:16:43', 'Linux/UNIX'),
(205, 123, 1.44780, 'eu-central-1c', '2025-02-22 10:02:11', 'Linux/UNIX'),
(206, 124, 0.51860, 'eu-central-1b', '2025-02-22 10:01:44', 'Linux/UNIX'),
(207, 117, 2.19190, 'eu-central-1b', '2025-02-22 10:01:41', 'Linux/UNIX'),
(208, 124, 0.54870, 'eu-central-1a', '2025-02-22 09:46:43', 'Linux/UNIX'),
(209, 123, 1.70050, 'eu-central-1b', '2025-02-22 09:32:11', 'Linux/UNIX'),
(210, 120, 0.92710, 'eu-central-1a', '2025-02-22 09:31:45', 'Linux/UNIX'),
(211, 122, 1.60050, 'eu-central-1c', '2025-02-22 09:17:28', 'Linux/UNIX'),
(212, 119, 1.22660, 'eu-central-1c', '2025-02-22 09:16:25', 'Linux/UNIX'),
(213, 121, 2.59270, 'eu-central-1b', '2025-02-22 09:02:34', 'Linux/UNIX'),
(214, 119, 1.49510, 'eu-central-1b', '2025-02-22 08:46:25', 'Linux/UNIX'),
(215, 126, 0.90740, 'eu-central-1b', '2025-02-22 08:32:27', 'Linux/UNIX'),
(216, 127, 0.24650, 'eu-central-1a', '2025-02-22 08:32:25', 'Linux/UNIX'),
(217, 132, 2.15770, 'eu-central-1b', '2025-02-22 08:32:25', 'Linux/UNIX'),
(218, 133, 4.50550, 'eu-central-1c', '2025-02-22 08:31:26', 'Linux/UNIX'),
(219, 133, 4.28330, 'eu-central-1a', '2025-02-22 08:16:26', 'Linux/UNIX'),
(220, 114, 0.59370, 'eu-central-1c', '2025-02-22 08:02:29', 'Linux/UNIX'),
(221, 116, 1.71130, 'eu-central-1c', '2025-02-22 08:02:19', 'Linux/UNIX'),
(222, 118, 11.02920, 'eu-central-1a', '2025-02-22 07:47:27', 'Linux/UNIX'),
(223, 116, 0.90010, 'eu-central-1a', '2025-02-22 07:46:37', 'Linux/UNIX'),
(224, 128, 0.21470, 'eu-central-1c', '2025-02-22 07:32:06', 'Linux/UNIX'),
(225, 122, 2.41120, 'eu-central-1a', '2025-02-22 07:17:30', 'Linux/UNIX'),
(226, 132, 1.83840, 'eu-central-1a', '2025-02-22 06:47:21', 'Linux/UNIX'),
(227, 132, 2.15590, 'eu-central-1c', '2025-02-22 06:17:21', 'Linux/UNIX'),
(228, 129, 0.42090, 'eu-central-1a', '2025-02-22 06:17:19', 'Linux/UNIX'),
(229, 123, 1.44590, 'eu-central-1c', '2025-02-22 06:02:06', 'Linux/UNIX'),
(230, 124, 0.55170, 'eu-central-1a', '2025-02-22 06:01:41', 'Linux/UNIX'),
(231, 121, 2.78530, 'eu-central-1a', '2025-02-22 05:32:32', 'Linux/UNIX'),
(232, 127, 0.24910, 'eu-central-1b', '2025-02-22 05:32:21', 'Linux/UNIX'),
(233, 118, 10.71800, 'eu-central-1c', '2025-02-22 05:17:11', 'Linux/UNIX'),
(234, 120, 0.92230, 'eu-central-1a', '2025-02-22 05:16:36', 'Linux/UNIX'),
(235, 114, 0.54630, 'eu-central-1a', '2025-02-22 05:02:23', 'Linux/UNIX'),
(236, 124, 0.51990, 'eu-central-1b', '2025-02-22 05:01:41', 'Linux/UNIX'),
(237, 122, 1.57420, 'eu-central-1c', '2025-02-22 04:46:36', 'Linux/UNIX'),
(238, 115, 0.55060, 'eu-central-1c', '2025-02-22 04:31:42', 'Linux/UNIX'),
(239, 126, 0.87410, 'eu-central-1a', '2025-02-22 04:17:25', 'Linux/UNIX'),
(240, 117, 2.10630, 'eu-central-1a', '2025-02-22 04:16:38', 'Linux/UNIX'),
(241, 116, 0.89530, 'eu-central-1a', '2025-02-22 04:01:52', 'Linux/UNIX'),
(242, 126, 0.90570, 'eu-central-1b', '2025-02-22 03:32:28', 'Linux/UNIX'),
(243, 119, 1.21990, 'eu-central-1c', '2025-02-22 03:32:23', 'Linux/UNIX'),
(244, 133, 4.21270, 'eu-central-1a', '2025-02-22 03:31:26', 'Linux/UNIX'),
(245, 132, 1.82650, 'eu-central-1a', '2025-02-22 03:02:34', 'Linux/UNIX'),
(246, 129, 0.41840, 'eu-central-1a', '2025-02-22 03:02:33', 'Linux/UNIX'),
(247, 114, 0.66160, 'eu-central-1b', '2025-02-22 03:02:29', 'Linux/UNIX'),
(248, 127, 0.24580, 'eu-central-1a', '2025-02-22 03:02:26', 'Linux/UNIX'),
(249, 114, 0.59490, 'eu-central-1c', '2025-02-22 02:47:29', 'Linux/UNIX'),
(250, 115, 0.54530, 'eu-central-1a', '2025-02-22 02:46:55', 'Linux/UNIX'),
(251, 117, 2.19210, 'eu-central-1b', '2025-02-22 02:46:37', 'Linux/UNIX'),
(252, 123, 1.72730, 'eu-central-1b', '2025-02-22 02:32:04', 'Linux/UNIX'),
(253, 132, 2.14670, 'eu-central-1b', '2025-02-22 02:31:53', 'Linux/UNIX'),
(254, 133, 4.48080, 'eu-central-1c', '2025-02-22 02:31:29', 'Linux/UNIX'),
(255, 129, 0.43820, 'eu-central-1b', '2025-02-22 02:17:35', 'Linux/UNIX'),
(256, 116, 1.71260, 'eu-central-1c', '2025-02-22 02:17:33', 'Linux/UNIX'),
(257, 123, 1.95750, 'eu-central-1a', '2025-02-22 02:17:04', 'Linux/UNIX'),
(258, 128, 0.21580, 'eu-central-1c', '2025-02-22 02:02:04', 'Linux/UNIX'),
(259, 120, 0.98260, 'eu-central-1b', '2025-02-22 02:01:35', 'Linux/UNIX'),
(260, 121, 2.55960, 'eu-central-1b', '2025-02-22 01:17:31', 'Linux/UNIX'),
(261, 115, 0.56520, 'eu-central-1b', '2025-02-22 00:46:58', 'Linux/UNIX'),
(262, 119, 1.49090, 'eu-central-1b', '2025-02-22 00:32:22', 'Linux/UNIX'),
(263, 122, 2.41510, 'eu-central-1a', '2025-02-22 00:16:40', 'Linux/UNIX'),
(264, 124, 0.52610, 'eu-central-1b', '2025-02-22 00:01:39', 'Linux/UNIX'),
(265, 123, 1.41400, 'eu-central-1c', '2025-02-21 23:32:03', 'Linux/UNIX'),
(266, 114, 0.59760, 'eu-central-1c', '2025-02-21 23:17:31', 'Linux/UNIX'),
(267, 126, 0.87680, 'eu-central-1a', '2025-02-21 23:02:31', 'Linux/UNIX'),
(268, 118, 10.99480, 'eu-central-1a', '2025-02-21 23:02:23', 'Linux/UNIX'),
(269, 123, 1.73060, 'eu-central-1b', '2025-02-21 23:02:03', 'Linux/UNIX'),
(270, 124, 0.55740, 'eu-central-1a', '2025-02-21 23:01:38', 'Linux/UNIX'),
(271, 120, 0.91810, 'eu-central-1a', '2025-02-21 23:01:30', 'Linux/UNIX'),
(272, 132, 2.17780, 'eu-central-1c', '2025-02-21 22:46:36', 'Linux/UNIX'),
(273, 125, 10.60800, 'eu-central-1a', '2025-02-21 22:08:03', 'Linux/UNIX'),
(274, 121, 2.52260, 'eu-central-1b', '2025-02-21 22:01:41', 'Linux/UNIX'),
(275, 114, 0.65720, 'eu-central-1b', '2025-02-21 21:32:20', 'Linux/UNIX'),
(276, 128, 0.21690, 'eu-central-1c', '2025-02-21 21:32:02', 'Linux/UNIX'),
(277, 129, 0.41530, 'eu-central-1a', '2025-02-21 21:31:38', 'Linux/UNIX'),
(278, 122, 1.55120, 'eu-central-1c', '2025-02-21 21:16:38', 'Linux/UNIX'),
(279, 121, 2.72600, 'eu-central-1a', '2025-02-21 21:01:41', 'Linux/UNIX'),
(280, 133, 4.20740, 'eu-central-1a', '2025-02-21 21:01:40', 'Linux/UNIX'),
(281, 119, 1.24520, 'eu-central-1a', '2025-02-21 20:46:58', 'Linux/UNIX'),
(282, 116, 1.71610, 'eu-central-1c', '2025-02-21 20:46:46', 'Linux/UNIX'),
(283, 117, 2.06540, 'eu-central-1a', '2025-02-21 20:46:35', 'Linux/UNIX'),
(284, 118, 10.69460, 'eu-central-1c', '2025-02-21 20:32:21', 'Linux/UNIX'),
(285, 114, 0.54650, 'eu-central-1a', '2025-02-21 20:16:42', 'Linux/UNIX'),
(286, 119, 1.20920, 'eu-central-1c', '2025-02-21 19:46:57', 'Linux/UNIX'),
(287, 120, 0.91210, 'eu-central-1a', '2025-02-21 19:46:30', 'Linux/UNIX'),
(288, 123, 1.40470, 'eu-central-1c', '2025-02-21 19:32:02', 'Linux/UNIX'),
(289, 120, 0.98180, 'eu-central-1b', '2025-02-21 19:31:30', 'Linux/UNIX'),
(290, 116, 0.88750, 'eu-central-1a', '2025-02-21 19:02:25', 'Linux/UNIX'),
(291, 127, 0.24970, 'eu-central-1b', '2025-02-21 18:47:33', 'Linux/UNIX'),
(292, 115, 0.56440, 'eu-central-1b', '2025-02-21 18:47:18', 'Linux/UNIX'),
(293, 132, 2.14530, 'eu-central-1b', '2025-02-21 18:46:53', 'Linux/UNIX'),
(294, 126, 0.90730, 'eu-central-1b', '2025-02-21 18:31:49', 'Linux/UNIX'),
(295, 117, 2.19230, 'eu-central-1b', '2025-02-21 18:31:37', 'Linux/UNIX'),
(296, 119, 1.49220, 'eu-central-1b', '2025-02-21 18:16:57', 'Linux/UNIX'),
(297, 115, 0.54410, 'eu-central-1a', '2025-02-21 18:16:47', 'Linux/UNIX'),
(298, 115, 0.54900, 'eu-central-1c', '2025-02-21 18:16:47', 'Linux/UNIX'),
(299, 133, 4.47480, 'eu-central-1c', '2025-02-21 18:16:31', 'Linux/UNIX'),
(300, 131, 40.94480, 'eu-central-1b', '2025-02-21 18:14:23', 'Linux/UNIX'),
(301, 127, 0.24400, 'eu-central-1a', '2025-02-21 18:02:34', 'Linux/UNIX'),
(302, 129, 0.41170, 'eu-central-1a', '2025-02-21 18:02:26', 'Linux/UNIX'),
(303, 118, 10.96420, 'eu-central-1a', '2025-02-21 17:47:28', 'Linux/UNIX'),
(304, 123, 1.94620, 'eu-central-1a', '2025-02-21 17:47:01', 'Linux/UNIX'),
(305, 123, 1.74100, 'eu-central-1b', '2025-02-21 17:17:01', 'Linux/UNIX'),
(306, 114, 0.59850, 'eu-central-1c', '2025-02-21 17:16:47', 'Linux/UNIX'),
(307, 121, 2.46550, 'eu-central-1b', '2025-02-21 16:32:33', 'Linux/UNIX'),
(308, 132, 1.84140, 'eu-central-1a', '2025-02-21 16:16:48', 'Linux/UNIX'),
(309, 126, 0.87970, 'eu-central-1a', '2025-02-21 16:16:33', 'Linux/UNIX'),
(310, 122, 2.41960, 'eu-central-1a', '2025-02-21 15:31:35', 'Linux/UNIX'),
(311, 130, 0.34330, 'eu-central-1c', '2025-02-21 15:30:29', 'Linux/UNIX'),
(312, 118, 10.65350, 'eu-central-1c', '2025-02-21 15:17:25', 'Linux/UNIX'),
(313, 123, 1.38650, 'eu-central-1c', '2025-02-21 15:17:00', 'Linux/UNIX'),
(314, 114, 0.65550, 'eu-central-1b', '2025-02-21 15:16:57', 'Linux/UNIX'),
(315, 124, 0.56400, 'eu-central-1a', '2025-02-21 15:01:33', 'Linux/UNIX'),
(316, 133, 4.20060, 'eu-central-1a', '2025-02-21 14:46:29', 'Linux/UNIX'),
(317, 119, 1.49150, 'eu-central-1b', '2025-02-21 14:46:24', 'Linux/UNIX'),
(318, 130, 0.34330, 'eu-central-1c', '2025-02-21 14:32:29', 'Linux/UNIX'),
(319, 116, 0.89270, 'eu-central-1a', '2025-02-21 14:31:34', 'Linux/UNIX'),
(320, 120, 0.97900, 'eu-central-1b', '2025-02-21 14:31:26', 'Linux/UNIX'),
(321, 128, 0.21810, 'eu-central-1c', '2025-02-21 14:16:59', 'Linux/UNIX'),
(322, 129, 0.43860, 'eu-central-1b', '2025-02-21 14:16:40', 'Linux/UNIX'),
(323, 119, 1.18700, 'eu-central-1c', '2025-02-21 14:02:23', 'Linux/UNIX'),
(324, 120, 0.90700, 'eu-central-1a', '2025-02-21 14:01:56', 'Linux/UNIX'),
(325, 127, 0.25110, 'eu-central-1b', '2025-02-21 14:01:39', 'Linux/UNIX'),
(326, 132, 2.17470, 'eu-central-1c', '2025-02-21 14:01:39', 'Linux/UNIX'),
(327, 121, 2.67670, 'eu-central-1a', '2025-02-21 13:46:48', 'Linux/UNIX'),
(328, 132, 2.15350, 'eu-central-1b', '2025-02-21 13:46:39', 'Linux/UNIX'),
(329, 117, 2.19400, 'eu-central-1b', '2025-02-21 13:46:30', 'Linux/UNIX'),
(330, 121, 2.41510, 'eu-central-1b', '2025-02-21 13:17:12', 'Linux/UNIX'),
(331, 129, 0.43920, 'eu-central-1b', '2025-02-21 13:12:18', 'Linux/UNIX'),
(332, 129, 0.40990, 'eu-central-1a', '2025-02-21 13:12:18', 'Linux/UNIX'),
(333, 122, 1.52440, 'eu-central-1c', '2025-02-21 12:47:30', 'Linux/UNIX'),
(334, 132, 1.83250, 'eu-central-1a', '2025-02-21 12:47:01', 'Linux/UNIX'),
(335, 126, 0.90930, 'eu-central-1b', '2025-02-21 12:46:39', 'Linux/UNIX'),
(336, 117, 2.05080, 'eu-central-1a', '2025-02-21 12:46:22', 'Linux/UNIX'),
(337, 119, 1.24690, 'eu-central-1a', '2025-02-21 12:32:04', 'Linux/UNIX'),
(338, 124, 0.53470, 'eu-central-1b', '2025-02-21 12:31:31', 'Linux/UNIX'),
(339, 116, 1.72110, 'eu-central-1c', '2025-02-21 12:17:18', 'Linux/UNIX'),
(340, 115, 0.56480, 'eu-central-1b', '2025-02-21 12:17:14', 'Linux/UNIX'),
(341, 114, 0.54710, 'eu-central-1a', '2025-02-21 12:01:53', 'Linux/UNIX'),
(342, 123, 1.35570, 'eu-central-1c', '2025-02-21 10:46:58', 'Linux/UNIX'),
(343, 115, 0.54880, 'eu-central-1c', '2025-02-21 10:46:46', 'Linux/UNIX'),
(344, 127, 0.24630, 'eu-central-1a', '2025-02-21 10:32:03', 'Linux/UNIX'),
(345, 127, 0.25400, 'eu-central-1b', '2025-02-21 10:17:03', 'Linux/UNIX'),
(346, 123, 1.73790, 'eu-central-1b', '2025-02-21 10:16:57', 'Linux/UNIX'),
(347, 123, 1.93320, 'eu-central-1a', '2025-02-21 10:01:57', 'Linux/UNIX'),
(348, 116, 0.90390, 'eu-central-1a', '2025-02-21 09:46:51', 'Linux/UNIX'),
(349, 129, 0.40990, 'eu-central-1a', '2025-02-21 09:46:49', 'Linux/UNIX'),
(350, 126, 0.88620, 'eu-central-1a', '2025-02-21 09:31:57', 'Linux/UNIX'),
(351, 118, 10.91330, 'eu-central-1a', '2025-02-21 09:17:28', 'Linux/UNIX'),
(352, 118, 10.67250, 'eu-central-1c', '2025-02-21 09:17:28', 'Linux/UNIX'),
(353, 128, 0.21920, 'eu-central-1c', '2025-02-21 09:16:54', 'Linux/UNIX'),
(354, 133, 4.43280, 'eu-central-1c', '2025-02-21 09:16:52', 'Linux/UNIX'),
(355, 114, 0.60140, 'eu-central-1c', '2025-02-21 09:01:46', 'Linux/UNIX'),
(356, 117, 2.04430, 'eu-central-1a', '2025-02-21 09:01:45', 'Linux/UNIX'),
(357, 117, 2.19720, 'eu-central-1b', '2025-02-21 08:47:45', 'Linux/UNIX'),
(358, 121, 2.38860, 'eu-central-1b', '2025-02-21 08:31:46', 'Linux/UNIX'),
(359, 120, 0.90480, 'eu-central-1a', '2025-02-21 08:01:44', 'Linux/UNIX'),
(360, 119, 1.24990, 'eu-central-1a', '2025-02-21 08:01:36', 'Linux/UNIX'),
(361, 129, 0.43920, 'eu-central-1b', '2025-02-21 07:47:20', 'Linux/UNIX'),
(362, 132, 1.81070, 'eu-central-1a', '2025-02-21 07:32:23', 'Linux/UNIX'),
(363, 132, 2.18190, 'eu-central-1c', '2025-02-21 07:32:23', 'Linux/UNIX'),
(364, 124, 0.53900, 'eu-central-1b', '2025-02-21 07:16:28', 'Linux/UNIX'),
(365, 115, 0.56450, 'eu-central-1b', '2025-02-21 07:02:33', 'Linux/UNIX'),
(366, 115, 0.54480, 'eu-central-1a', '2025-02-21 07:02:33', 'Linux/UNIX'),
(367, 120, 0.97790, 'eu-central-1b', '2025-02-21 07:01:52', 'Linux/UNIX'),
(368, 133, 4.11200, 'eu-central-1a', '2025-02-21 07:01:28', 'Linux/UNIX'),
(369, 124, 0.56300, 'eu-central-1a', '2025-02-21 06:47:14', 'Linux/UNIX'),
(370, 121, 2.65140, 'eu-central-1a', '2025-02-21 06:47:05', 'Linux/UNIX'),
(371, 122, 2.42340, 'eu-central-1a', '2025-02-21 06:32:34', 'Linux/UNIX'),
(372, 114, 0.65150, 'eu-central-1b', '2025-02-21 06:17:13', 'Linux/UNIX'),
(373, 119, 1.46870, 'eu-central-1b', '2025-02-21 06:01:35', 'Linux/UNIX'),
(374, 132, 2.18680, 'eu-central-1b', '2025-02-21 05:47:08', 'Linux/UNIX'),
(375, 117, 2.00580, 'eu-central-1a', '2025-02-21 05:31:33', 'Linux/UNIX'),
(376, 123, 1.92630, 'eu-central-1a', '2025-02-21 05:16:54', 'Linux/UNIX'),
(377, 119, 1.18630, 'eu-central-1c', '2025-02-21 05:16:35', 'Linux/UNIX'),
(378, 118, 10.86590, 'eu-central-1a', '2025-02-21 05:02:31', 'Linux/UNIX'),
(379, 126, 0.90550, 'eu-central-1b', '2025-02-21 04:31:36', 'Linux/UNIX'),
(380, 120, 0.90310, 'eu-central-1a', '2025-02-21 04:31:29', 'Linux/UNIX'),
(381, 122, 1.48840, 'eu-central-1c', '2025-02-21 04:17:32', 'Linux/UNIX'),
(382, 127, 0.24660, 'eu-central-1a', '2025-02-21 04:02:30', 'Linux/UNIX'),
(383, 129, 0.41090, 'eu-central-1a', '2025-02-21 04:02:27', 'Linux/UNIX'),
(384, 124, 0.53970, 'eu-central-1b', '2025-02-21 03:47:21', 'Linux/UNIX'),
(385, 116, 0.91580, 'eu-central-1a', '2025-02-21 03:47:03', 'Linux/UNIX'),
(386, 116, 1.73640, 'eu-central-1c', '2025-02-21 03:47:03', 'Linux/UNIX'),
(387, 115, 0.56240, 'eu-central-1b', '2025-02-21 03:32:33', 'Linux/UNIX'),
(388, 114, 0.54720, 'eu-central-1a', '2025-02-21 03:32:32', 'Linux/UNIX'),
(389, 118, 10.65260, 'eu-central-1c', '2025-02-21 03:17:33', 'Linux/UNIX'),
(390, 119, 1.25460, 'eu-central-1a', '2025-02-21 03:16:34', 'Linux/UNIX'),
(391, 114, 0.64940, 'eu-central-1b', '2025-02-21 02:47:32', 'Linux/UNIX'),
(392, 115, 0.54280, 'eu-central-1c', '2025-02-21 02:46:44', 'Linux/UNIX'),
(393, 127, 0.25620, 'eu-central-1b', '2025-02-21 02:32:25', 'Linux/UNIX'),
(394, 133, 4.40640, 'eu-central-1c', '2025-02-21 02:31:35', 'Linux/UNIX'),
(395, 123, 1.69580, 'eu-central-1b', '2025-02-21 02:01:53', 'Linux/UNIX'),
(396, 123, 1.35400, 'eu-central-1c', '2025-02-21 02:01:53', 'Linux/UNIX'),
(397, 126, 0.87770, 'eu-central-1a', '2025-02-21 01:46:24', 'Linux/UNIX'),
(398, 117, 2.19280, 'eu-central-1b', '2025-02-21 01:17:07', 'Linux/UNIX'),
(399, 119, 1.17850, 'eu-central-1c', '2025-02-21 00:32:33', 'Linux/UNIX'),
(400, 114, 0.60180, 'eu-central-1c', '2025-02-21 00:16:55', 'Linux/UNIX'),
(401, 128, 0.22010, 'eu-central-1c', '2025-02-21 00:16:50', 'Linux/UNIX'),
(402, 121, 2.37380, 'eu-central-1b', '2025-02-21 00:15:04', 'Linux/UNIX'),
(403, 121, 2.63360, 'eu-central-1a', '2025-02-21 00:15:04', 'Linux/UNIX'),
(404, 129, 0.41220, 'eu-central-1a', '2025-02-21 00:01:58', 'Linux/UNIX'),
(405, 122, 1.46880, 'eu-central-1c', '2025-02-20 23:47:28', 'Linux/UNIX'),
(406, 121, 2.37380, 'eu-central-1b', '2025-02-20 23:47:26', 'Linux/UNIX'),
(407, 118, 10.83440, 'eu-central-1a', '2025-02-20 23:17:27', 'Linux/UNIX'),
(408, 121, 2.63360, 'eu-central-1a', '2025-02-20 23:17:26', 'Linux/UNIX'),
(409, 133, 4.03280, 'eu-central-1a', '2025-02-20 23:14:01', 'Linux/UNIX'),
(410, 133, 4.39660, 'eu-central-1c', '2025-02-20 23:14:01', 'Linux/UNIX'),
(411, 114, 0.64820, 'eu-central-1b', '2025-02-20 23:02:40', 'Linux/UNIX'),
(412, 132, 1.80670, 'eu-central-1a', '2025-02-20 23:02:27', 'Linux/UNIX'),
(413, 132, 2.18930, 'eu-central-1c', '2025-02-20 23:02:27', 'Linux/UNIX'),
(414, 115, 0.55130, 'eu-central-1a', '2025-02-20 23:01:39', 'Linux/UNIX'),
(415, 129, 0.43960, 'eu-central-1b', '2025-02-20 22:47:35', 'Linux/UNIX'),
(416, 124, 0.54080, 'eu-central-1b', '2025-02-20 22:46:47', 'Linux/UNIX'),
(417, 124, 0.54990, 'eu-central-1a', '2025-02-20 22:46:47', 'Linux/UNIX'),
(418, 117, 1.98410, 'eu-central-1a', '2025-02-20 22:31:26', 'Linux/UNIX'),
(419, 133, 4.03280, 'eu-central-1a', '2025-02-20 22:17:19', 'Linux/UNIX'),
(420, 116, 0.92050, 'eu-central-1a', '2025-02-20 22:17:08', 'Linux/UNIX'),
(421, 127, 0.24830, 'eu-central-1a', '2025-02-20 22:16:33', 'Linux/UNIX'),
(422, 125, 10.60800, 'eu-central-1a', '2025-02-20 22:07:51', 'Linux/UNIX'),
(423, 120, 0.89690, 'eu-central-1a', '2025-02-20 22:01:34', 'Linux/UNIX'),
(424, 126, 0.90810, 'eu-central-1b', '2025-02-20 22:01:27', 'Linux/UNIX'),
(425, 118, 10.62410, 'eu-central-1c', '2025-02-20 21:46:22', 'Linux/UNIX'),
(426, 126, 0.85750, 'eu-central-1a', '2025-02-20 21:16:42', 'Linux/UNIX'),
(427, 119, 1.45890, 'eu-central-1b', '2025-02-20 21:16:36', 'Linux/UNIX'),
(428, 114, 0.54760, 'eu-central-1a', '2025-02-20 20:47:22', 'Linux/UNIX'),
(429, 123, 1.90580, 'eu-central-1a', '2025-02-20 20:46:51', 'Linux/UNIX'),
(430, 133, 4.39660, 'eu-central-1c', '2025-02-20 20:31:29', 'Linux/UNIX'),
(431, 127, 0.25750, 'eu-central-1b', '2025-02-20 20:02:13', 'Linux/UNIX'),
(432, 123, 1.34630, 'eu-central-1c', '2025-02-20 20:01:51', 'Linux/UNIX'),
(433, 119, 1.25670, 'eu-central-1a', '2025-02-20 19:47:06', 'Linux/UNIX'),
(434, 122, 2.43170, 'eu-central-1a', '2025-02-20 19:32:28', 'Linux/UNIX'),
(435, 123, 1.66300, 'eu-central-1b', '2025-02-20 19:16:50', 'Linux/UNIX'),
(436, 120, 0.97560, 'eu-central-1b', '2025-02-20 19:02:27', 'Linux/UNIX'),
(437, 121, 2.31930, 'eu-central-1b', '2025-02-20 18:46:36', 'Linux/UNIX'),
(438, 115, 0.54140, 'eu-central-1c', '2025-02-20 18:32:15', 'Linux/UNIX'),
(439, 132, 2.20730, 'eu-central-1b', '2025-02-20 18:31:42', 'Linux/UNIX'),
(440, 115, 0.56000, 'eu-central-1b', '2025-02-20 18:17:06', 'Linux/UNIX'),
(441, 128, 0.22120, 'eu-central-1c', '2025-02-20 18:16:47', 'Linux/UNIX'),
(442, 116, 1.75150, 'eu-central-1c', '2025-02-20 18:16:40', 'Linux/UNIX'),
(443, 121, 2.57930, 'eu-central-1a', '2025-02-20 18:16:36', 'Linux/UNIX'),
(444, 131, 40.94480, 'eu-central-1b', '2025-02-20 18:14:02', 'Linux/UNIX'),
(445, 122, 1.45940, 'eu-central-1c', '2025-02-20 18:01:27', 'Linux/UNIX'),
(446, 114, 0.60780, 'eu-central-1c', '2025-02-20 17:47:07', 'Linux/UNIX'),
(447, 132, 1.79930, 'eu-central-1a', '2025-02-20 17:17:36', 'Linux/UNIX'),
(448, 126, 0.91480, 'eu-central-1b', '2025-02-20 17:17:05', 'Linux/UNIX'),
(449, 119, 1.15720, 'eu-central-1c', '2025-02-20 17:16:28', 'Linux/UNIX'),
(450, 116, 0.92540, 'eu-central-1a', '2025-02-20 17:02:40', 'Linux/UNIX'),
(451, 117, 2.18220, 'eu-central-1b', '2025-02-20 16:46:44', 'Linux/UNIX'),
(452, 126, 0.85090, 'eu-central-1a', '2025-02-20 16:31:44', 'Linux/UNIX'),
(453, 127, 0.26030, 'eu-central-1b', '2025-02-20 16:31:41', 'Linux/UNIX'),
(454, 120, 0.89340, 'eu-central-1a', '2025-02-20 16:02:37', 'Linux/UNIX'),
(455, 114, 0.64630, 'eu-central-1b', '2025-02-20 16:02:09', 'Linux/UNIX'),
(456, 124, 0.54850, 'eu-central-1a', '2025-02-20 15:47:01', 'Linux/UNIX'),
(457, 129, 0.41270, 'eu-central-1a', '2025-02-20 15:46:33', 'Linux/UNIX'),
(458, 117, 1.96670, 'eu-central-1a', '2025-02-20 15:31:42', 'Linux/UNIX'),
(459, 114, 0.54790, 'eu-central-1a', '2025-02-20 15:17:11', 'Linux/UNIX'),
(460, 132, 2.19780, 'eu-central-1c', '2025-02-20 15:16:39', 'Linux/UNIX'),
(461, 127, 0.25050, 'eu-central-1a', '2025-02-20 15:01:28', 'Linux/UNIX'),
(462, 121, 2.30420, 'eu-central-1b', '2025-02-20 14:47:32', 'Linux/UNIX'),
(463, 120, 0.97500, 'eu-central-1b', '2025-02-20 14:32:30', 'Linux/UNIX'),
(464, 130, 0.34330, 'eu-central-1c', '2025-02-20 14:32:17', 'Linux/UNIX'),
(465, 124, 0.54140, 'eu-central-1b', '2025-02-20 14:31:30', 'Linux/UNIX'),
(466, 118, 10.61000, 'eu-central-1c', '2025-02-20 14:31:25', 'Linux/UNIX'),
(467, 133, 4.02680, 'eu-central-1a', '2025-02-20 14:17:04', 'Linux/UNIX'),
(468, 129, 0.43780, 'eu-central-1b', '2025-02-20 14:01:32', 'Linux/UNIX'),
(469, 119, 1.45700, 'eu-central-1b', '2025-02-20 13:47:11', 'Linux/UNIX'),
(470, 123, 1.65230, 'eu-central-1b', '2025-02-20 13:46:43', 'Linux/UNIX'),
(471, 115, 0.55860, 'eu-central-1b', '2025-02-20 13:46:39', 'Linux/UNIX'),
(472, 115, 0.55120, 'eu-central-1a', '2025-02-20 13:32:11', 'Linux/UNIX'),
(473, 126, 0.92290, 'eu-central-1b', '2025-02-20 13:32:05', 'Linux/UNIX'),
(474, 132, 2.20490, 'eu-central-1b', '2025-02-20 13:16:43', 'Linux/UNIX'),
(475, 118, 10.80450, 'eu-central-1a', '2025-02-20 13:16:28', 'Linux/UNIX'),
(476, 116, 1.76910, 'eu-central-1c', '2025-02-20 13:16:26', 'Linux/UNIX'),
(477, 122, 2.43590, 'eu-central-1a', '2025-02-20 13:16:24', 'Linux/UNIX'),
(478, 125, 10.60800, 'eu-central-1a', '2025-02-20 13:13:21', 'Linux/UNIX'),
(479, 119, 1.26100, 'eu-central-1a', '2025-02-20 13:02:11', 'Linux/UNIX'),
(480, 123, 1.90540, 'eu-central-1a', '2025-02-20 13:01:44', 'Linux/UNIX'),
(481, 121, 2.57530, 'eu-central-1a', '2025-02-20 12:02:31', 'Linux/UNIX'),
(482, 117, 2.18130, 'eu-central-1b', '2025-02-20 11:46:42', 'Linux/UNIX'),
(483, 126, 0.83690, 'eu-central-1a', '2025-02-20 11:46:28', 'Linux/UNIX'),
(484, 123, 1.33310, 'eu-central-1c', '2025-02-20 11:31:52', 'Linux/UNIX'),
(485, 133, 4.34220, 'eu-central-1c', '2025-02-20 11:31:34', 'Linux/UNIX'),
(486, 127, 0.26260, 'eu-central-1b', '2025-02-20 11:02:04', 'Linux/UNIX'),
(487, 127, 0.25120, 'eu-central-1a', '2025-02-20 10:32:18', 'Linux/UNIX'),
(488, 118, 10.59730, 'eu-central-1c', '2025-02-20 10:31:40', 'Linux/UNIX'),
(489, 124, 0.54040, 'eu-central-1b', '2025-02-20 10:31:28', 'Linux/UNIX'),
(490, 123, 1.61930, 'eu-central-1b', '2025-02-20 10:16:56', 'Linux/UNIX'),
(491, 120, 0.88980, 'eu-central-1a', '2025-02-20 10:01:30', 'Linux/UNIX'),
(492, 119, 1.18630, 'eu-central-1c', '2025-02-20 10:01:24', 'Linux/UNIX'),
(493, 122, 1.44780, 'eu-central-1c', '2025-02-20 10:01:17', 'Linux/UNIX'),
(494, 118, 10.75530, 'eu-central-1a', '2025-02-20 09:47:33', 'Linux/UNIX'),
(495, 129, 0.41390, 'eu-central-1a', '2025-02-20 09:47:30', 'Linux/UNIX'),
(496, 115, 0.54650, 'eu-central-1c', '2025-02-20 09:32:34', 'Linux/UNIX'),
(497, 116, 0.93030, 'eu-central-1a', '2025-02-20 09:31:20', 'Linux/UNIX'),
(498, 119, 1.26200, 'eu-central-1a', '2025-02-20 09:16:52', 'Linux/UNIX'),
(499, 114, 0.54770, 'eu-central-1a', '2025-02-20 09:16:48', 'Linux/UNIX'),
(500, 128, 0.22250, 'eu-central-1c', '2025-02-20 09:16:37', 'Linux/UNIX'),
(501, 123, 1.87480, 'eu-central-1a', '2025-02-20 09:02:27', 'Linux/UNIX'),
(502, 117, 1.92610, 'eu-central-1a', '2025-02-20 09:02:05', 'Linux/UNIX'),
(503, 114, 0.64560, 'eu-central-1b', '2025-02-20 09:02:01', 'Linux/UNIX'),
(504, 129, 0.43440, 'eu-central-1b', '2025-02-20 08:31:43', 'Linux/UNIX'),
(505, 132, 1.76530, 'eu-central-1a', '2025-02-20 08:16:46', 'Linux/UNIX'),
(506, 115, 0.55610, 'eu-central-1b', '2025-02-20 07:16:40', 'Linux/UNIX'),
(507, 119, 1.45020, 'eu-central-1b', '2025-02-20 07:01:36', 'Linux/UNIX'),
(508, 124, 0.54070, 'eu-central-1b', '2025-02-20 07:01:30', 'Linux/UNIX'),
(509, 133, 3.93690, 'eu-central-1a', '2025-02-20 06:46:31', 'Linux/UNIX'),
(510, 124, 0.54570, 'eu-central-1a', '2025-02-20 06:46:30', 'Linux/UNIX'),
(511, 115, 0.55220, 'eu-central-1a', '2025-02-20 06:32:26', 'Linux/UNIX'),
(512, 132, 2.19400, 'eu-central-1c', '2025-02-20 06:32:19', 'Linux/UNIX'),
(513, 121, 2.26180, 'eu-central-1b', '2025-02-20 06:32:09', 'Linux/UNIX'),
(514, 114, 0.60760, 'eu-central-1c', '2025-02-20 06:17:00', 'Linux/UNIX'),
(515, 126, 0.83650, 'eu-central-1a', '2025-02-20 06:16:49', 'Linux/UNIX'),
(516, 120, 0.89210, 'eu-central-1a', '2025-02-20 06:02:41', 'Linux/UNIX'),
(517, 114, 0.54810, 'eu-central-1a', '2025-02-20 06:02:00', 'Linux/UNIX'),
(518, 116, 1.79430, 'eu-central-1c', '2025-02-20 05:46:17', 'Linux/UNIX'),
(519, 120, 0.97730, 'eu-central-1b', '2025-02-20 05:32:41', 'Linux/UNIX'),
(520, 119, 1.19520, 'eu-central-1c', '2025-02-20 05:16:35', 'Linux/UNIX'),
(521, 132, 2.21660, 'eu-central-1b', '2025-02-20 05:02:08', 'Linux/UNIX'),
(522, 132, 1.74490, 'eu-central-1a', '2025-02-20 05:02:08', 'Linux/UNIX'),
(523, 127, 0.25040, 'eu-central-1a', '2025-02-20 04:47:21', 'Linux/UNIX'),
(524, 129, 0.41510, 'eu-central-1a', '2025-02-20 04:31:59', 'Linux/UNIX'),
(525, 123, 1.59380, 'eu-central-1b', '2025-02-20 04:31:19', 'Linux/UNIX'),
(526, 122, 2.44470, 'eu-central-1a', '2025-02-20 04:17:37', 'Linux/UNIX'),
(527, 127, 0.26360, 'eu-central-1b', '2025-02-20 04:16:45', 'Linux/UNIX'),
(528, 133, 4.31840, 'eu-central-1c', '2025-02-20 04:01:33', 'Linux/UNIX'),
(529, 122, 1.42490, 'eu-central-1c', '2025-02-20 03:32:37', 'Linux/UNIX'),
(530, 121, 2.57270, 'eu-central-1a', '2025-02-20 03:32:29', 'Linux/UNIX'),
(531, 115, 0.55340, 'eu-central-1a', '2025-02-20 03:17:10', 'Linux/UNIX'),
(532, 126, 0.83060, 'eu-central-1a', '2025-02-20 03:01:33', 'Linux/UNIX'),
(533, 123, 1.86130, 'eu-central-1a', '2025-02-20 02:47:32', 'Linux/UNIX'),
(534, 123, 1.32780, 'eu-central-1c', '2025-02-20 02:32:16', 'Linux/UNIX'),
(535, 130, 0.34340, 'eu-central-1c', '2025-02-20 02:18:46', 'Linux/UNIX'),
(536, 121, 2.25880, 'eu-central-1b', '2025-02-20 02:17:28', 'Linux/UNIX'),
(537, 128, 0.22230, 'eu-central-1c', '2025-02-20 02:17:13', 'Linux/UNIX'),
(538, 116, 0.94370, 'eu-central-1a', '2025-02-20 02:16:23', 'Linux/UNIX'),
(539, 118, 10.56680, 'eu-central-1c', '2025-02-20 02:02:34', 'Linux/UNIX'),
(540, 119, 1.26530, 'eu-central-1a', '2025-02-20 02:01:33', 'Linux/UNIX'),
(541, 133, 3.89710, 'eu-central-1a', '2025-02-20 02:01:24', 'Linux/UNIX'),
(542, 118, 10.69300, 'eu-central-1a', '2025-02-20 01:47:24', 'Linux/UNIX'),
(543, 129, 0.43190, 'eu-central-1b', '2025-02-20 01:46:36', 'Linux/UNIX'),
(544, 126, 0.92310, 'eu-central-1b', '2025-02-20 01:46:34', 'Linux/UNIX'),
(545, 119, 1.44240, 'eu-central-1b', '2025-02-20 01:46:33', 'Linux/UNIX'),
(546, 115, 0.55080, 'eu-central-1c', '2025-02-20 01:17:27', 'Linux/UNIX'),
(547, 117, 1.88800, 'eu-central-1a', '2025-02-20 01:17:08', 'Linux/UNIX'),
(548, 114, 0.60780, 'eu-central-1c', '2025-02-20 00:47:24', 'Linux/UNIX'),
(549, 114, 0.54780, 'eu-central-1a', '2025-02-20 00:32:01', 'Linux/UNIX'),
(550, 117, 2.18160, 'eu-central-1b', '2025-02-20 00:17:06', 'Linux/UNIX'),
(551, 114, 0.64460, 'eu-central-1b', '2025-02-20 00:02:19', 'Linux/UNIX'),
(552, 127, 0.24950, 'eu-central-1a', '2025-02-20 00:01:32', 'Linux/UNIX'),
(553, 132, 1.72560, 'eu-central-1a', '2025-02-19 23:17:30', 'Linux/UNIX'),
(554, 116, 0.96430, 'eu-central-1a', '2025-02-19 23:02:24', 'Linux/UNIX'),
(555, 129, 0.41550, 'eu-central-1a', '2025-02-19 23:01:51', 'Linux/UNIX'),
(556, 119, 1.20970, 'eu-central-1c', '2025-02-19 22:32:10', 'Linux/UNIX'),
(557, 124, 0.54690, 'eu-central-1b', '2025-02-19 22:31:40', 'Linux/UNIX'),
(558, 126, 0.82510, 'eu-central-1a', '2025-02-19 22:31:29', 'Linux/UNIX'),
(559, 121, 2.56630, 'eu-central-1a', '2025-02-19 22:16:59', 'Linux/UNIX'),
(560, 116, 1.81320, 'eu-central-1c', '2025-02-19 22:16:29', 'Linux/UNIX'),
(561, 119, 1.43910, 'eu-central-1b', '2025-02-19 22:14:09', 'Linux/UNIX'),
(562, 119, 1.26680, 'eu-central-1a', '2025-02-19 22:14:09', 'Linux/UNIX'),
(563, 119, 1.19220, 'eu-central-1c', '2025-02-19 22:14:09', 'Linux/UNIX'),
(564, 128, 0.22270, 'eu-central-1c', '2025-02-19 22:02:35', 'Linux/UNIX'),
(565, 132, 2.19550, 'eu-central-1c', '2025-02-19 22:01:44', 'Linux/UNIX'),
(566, 124, 0.53900, 'eu-central-1a', '2025-02-19 22:01:40', 'Linux/UNIX'),
(567, 120, 0.88030, 'eu-central-1a', '2025-02-19 22:01:38', 'Linux/UNIX'),
(568, 132, 2.21690, 'eu-central-1b', '2025-02-19 21:46:44', 'Linux/UNIX'),
(569, 122, 2.44660, 'eu-central-1a', '2025-02-19 21:46:43', 'Linux/UNIX'),
(570, 120, 0.98290, 'eu-central-1b', '2025-02-19 21:46:38', 'Linux/UNIX'),
(571, 126, 0.92030, 'eu-central-1b', '2025-02-19 21:32:28', 'Linux/UNIX'),
(572, 122, 1.42410, 'eu-central-1c', '2025-02-19 21:01:34', 'Linux/UNIX'),
(573, 116, 0.96780, 'eu-central-1a', '2025-02-19 20:58:28', 'Linux/UNIX'),
(574, 116, 1.82090, 'eu-central-1c', '2025-02-19 20:58:28', 'Linux/UNIX'),
(575, 117, 2.16260, 'eu-central-1b', '2025-02-19 20:46:34', 'Linux/UNIX'),
(576, 133, 3.87890, 'eu-central-1a', '2025-02-19 20:46:28', 'Linux/UNIX'),
(577, 133, 4.31280, 'eu-central-1c', '2025-02-19 20:32:28', 'Linux/UNIX'),
(578, 119, 1.43910, 'eu-central-1b', '2025-02-19 20:17:16', 'Linux/UNIX'),
(579, 118, 10.67650, 'eu-central-1a', '2025-02-19 20:16:35', 'Linux/UNIX'),
(580, 119, 1.26680, 'eu-central-1a', '2025-02-19 20:02:07', 'Linux/UNIX'),
(581, 115, 0.55490, 'eu-central-1a', '2025-02-19 20:01:41', 'Linux/UNIX'),
(582, 114, 0.64440, 'eu-central-1b', '2025-02-19 20:01:35', 'Linux/UNIX'),
(583, 114, 0.61170, 'eu-central-1c', '2025-02-19 20:01:35', 'Linux/UNIX'),
(584, 123, 1.55740, 'eu-central-1b', '2025-02-19 20:01:33', 'Linux/UNIX'),
(585, 121, 2.24490, 'eu-central-1b', '2025-02-19 20:01:30', 'Linux/UNIX'),
(586, 115, 0.55080, 'eu-central-1b', '2025-02-19 19:46:40', 'Linux/UNIX'),
(587, 129, 0.43080, 'eu-central-1b', '2025-02-19 19:46:36', 'Linux/UNIX'),
(588, 127, 0.26380, 'eu-central-1b', '2025-02-19 19:32:35', 'Linux/UNIX'),
(589, 115, 0.55370, 'eu-central-1c', '2025-02-19 19:32:24', 'Linux/UNIX'),
(590, 118, 10.55000, 'eu-central-1c', '2025-02-19 19:16:30', 'Linux/UNIX'),
(591, 131, 40.94480, 'eu-central-1b', '2025-02-19 18:13:06', 'Linux/UNIX'),
(592, 123, 1.85640, 'eu-central-1a', '2025-02-19 17:47:29', 'Linux/UNIX'),
(593, 123, 1.32070, 'eu-central-1c', '2025-02-19 17:47:29', 'Linux/UNIX'),
(594, 121, 2.53490, 'eu-central-1a', '2025-02-19 17:31:31', 'Linux/UNIX'),
(595, 119, 1.19220, 'eu-central-1c', '2025-02-19 17:31:27', 'Linux/UNIX'),
(596, 132, 2.21280, 'eu-central-1c', '2025-02-19 17:02:19', 'Linux/UNIX'),
(597, 132, 1.71330, 'eu-central-1a', '2025-02-19 16:47:19', 'Linux/UNIX'),
(598, 117, 1.88360, 'eu-central-1a', '2025-02-19 16:46:37', 'Linux/UNIX'),
(599, 116, 0.96780, 'eu-central-1a', '2025-02-19 16:17:29', 'Linux/UNIX'),
(600, 116, 1.82090, 'eu-central-1c', '2025-02-19 16:02:29', 'Linux/UNIX'),
(601, 118, 10.65720, 'eu-central-1a', '2025-02-19 16:02:15', 'Linux/UNIX'),
(602, 126, 0.82240, 'eu-central-1a', '2025-02-19 15:47:31', 'Linux/UNIX'),
(603, 128, 0.22240, 'eu-central-1c', '2025-02-19 15:32:32', 'Linux/UNIX'),
(604, 127, 0.25110, 'eu-central-1a', '2025-02-19 15:32:30', 'Linux/UNIX'),
(605, 114, 0.54750, 'eu-central-1a', '2025-02-19 15:32:19', 'Linux/UNIX'),
(606, 124, 0.53690, 'eu-central-1b', '2025-02-19 15:17:02', 'Linux/UNIX'),
(607, 120, 0.87980, 'eu-central-1a', '2025-02-19 15:16:24', 'Linux/UNIX'),
(608, 115, 0.55150, 'eu-central-1b', '2025-02-19 15:01:46', 'Linux/UNIX'),
(609, 129, 0.41560, 'eu-central-1a', '2025-02-19 14:47:27', 'Linux/UNIX'),
(610, 114, 0.64350, 'eu-central-1b', '2025-02-19 14:32:23', 'Linux/UNIX'),
(611, 122, 1.39300, 'eu-central-1c', '2025-02-19 14:32:17', 'Linux/UNIX'),
(612, 115, 0.55530, 'eu-central-1c', '2025-02-19 14:31:41', 'Linux/UNIX'),
(613, 122, 2.44970, 'eu-central-1a', '2025-02-19 14:17:45', 'Linux/UNIX'),
(614, 119, 1.26770, 'eu-central-1a', '2025-02-19 14:17:23', 'Linux/UNIX'),
(615, 132, 2.21350, 'eu-central-1b', '2025-02-19 13:32:00', 'Linux/UNIX'),
(616, 132, 1.70600, 'eu-central-1a', '2025-02-19 13:32:00', 'Linux/UNIX'),
(617, 123, 1.55280, 'eu-central-1b', '2025-02-19 13:31:40', 'Linux/UNIX'),
(618, 124, 0.53500, 'eu-central-1a', '2025-02-19 13:31:24', 'Linux/UNIX'),
(619, 133, 4.32480, 'eu-central-1c', '2025-02-19 13:17:29', 'Linux/UNIX'),
(620, 121, 2.20610, 'eu-central-1b', '2025-02-19 13:16:30', 'Linux/UNIX'),
(621, 125, 10.60800, 'eu-central-1a', '2025-02-19 13:13:21', 'Linux/UNIX'),
(622, 118, 10.52430, 'eu-central-1c', '2025-02-19 13:01:26', 'Linux/UNIX'),
(623, 117, 2.14730, 'eu-central-1b', '2025-02-19 12:47:28', 'Linux/UNIX'),
(624, 120, 0.98400, 'eu-central-1b', '2025-02-19 12:46:30', 'Linux/UNIX'),
(625, 126, 0.90840, 'eu-central-1b', '2025-02-19 12:32:29', 'Linux/UNIX'),
(626, 116, 0.99150, 'eu-central-1a', '2025-02-19 12:32:10', 'Linux/UNIX'),
(627, 119, 1.19040, 'eu-central-1c', '2025-02-19 12:31:31', 'Linux/UNIX'),
(628, 119, 1.43880, 'eu-central-1b', '2025-02-19 12:17:32', 'Linux/UNIX'),
(629, 129, 0.43070, 'eu-central-1b', '2025-02-19 12:17:24', 'Linux/UNIX'),
(630, 133, 3.86350, 'eu-central-1a', '2025-02-19 11:47:29', 'Linux/UNIX'),
(631, 114, 0.61430, 'eu-central-1c', '2025-02-19 11:47:19', 'Linux/UNIX'),
(632, 123, 1.51840, 'eu-central-1b', '2025-02-19 11:45:52', 'Linux/UNIX'),
(633, 123, 1.84630, 'eu-central-1a', '2025-02-19 11:45:52', 'Linux/UNIX'),
(634, 123, 1.31720, 'eu-central-1c', '2025-02-19 11:45:52', 'Linux/UNIX'),
(635, 114, 0.54920, 'eu-central-1a', '2025-02-19 11:32:24', 'Linux/UNIX'),
(636, 115, 0.55190, 'eu-central-1b', '2025-02-19 11:31:38', 'Linux/UNIX'),
(637, 126, 0.81850, 'eu-central-1a', '2025-02-19 11:17:18', 'Linux/UNIX'),
(638, 123, 1.31720, 'eu-central-1c', '2025-02-19 11:01:31', 'Linux/UNIX'),
(639, 122, 1.36900, 'eu-central-1c', '2025-02-19 10:31:43', 'Linux/UNIX'),
(640, 115, 0.55380, 'eu-central-1c', '2025-02-19 10:17:33', 'Linux/UNIX'),
(641, 116, 1.81170, 'eu-central-1c', '2025-02-19 10:02:31', 'Linux/UNIX'),
(642, 128, 0.22170, 'eu-central-1c', '2025-02-19 10:02:24', 'Linux/UNIX'),
(643, 121, 2.52330, 'eu-central-1a', '2025-02-19 10:02:24', 'Linux/UNIX'),
(644, 124, 0.53170, 'eu-central-1a', '2025-02-19 10:02:21', 'Linux/UNIX'),
(645, 124, 0.53340, 'eu-central-1b', '2025-02-19 09:47:21', 'Linux/UNIX'),
(646, 117, 1.84860, 'eu-central-1a', '2025-02-19 09:46:36', 'Linux/UNIX'),
(647, 119, 1.26870, 'eu-central-1a', '2025-02-19 09:46:35', 'Linux/UNIX'),
(648, 127, 0.25270, 'eu-central-1a', '2025-02-19 09:02:08', 'Linux/UNIX'),
(649, 132, 1.68900, 'eu-central-1a', '2025-02-19 09:01:40', 'Linux/UNIX'),
(650, 123, 1.84630, 'eu-central-1a', '2025-02-19 09:01:20', 'Linux/UNIX'),
(651, 114, 0.64260, 'eu-central-1b', '2025-02-19 08:47:28', 'Linux/UNIX'),
(652, 122, 2.45520, 'eu-central-1a', '2025-02-19 08:46:43', 'Linux/UNIX'),
(653, 120, 0.98200, 'eu-central-1b', '2025-02-19 08:46:40', 'Linux/UNIX'),
(654, 120, 0.86900, 'eu-central-1a', '2025-02-19 08:46:40', 'Linux/UNIX'),
(655, 127, 0.26600, 'eu-central-1b', '2025-02-19 07:32:39', 'Linux/UNIX'),
(656, 115, 0.55570, 'eu-central-1a', '2025-02-19 07:32:30', 'Linux/UNIX'),
(657, 116, 0.99320, 'eu-central-1a', '2025-02-19 07:17:32', 'Linux/UNIX'),
(658, 133, 4.32450, 'eu-central-1c', '2025-02-19 07:17:26', 'Linux/UNIX'),
(659, 118, 10.60430, 'eu-central-1a', '2025-02-19 07:02:35', 'Linux/UNIX'),
(660, 121, 2.19030, 'eu-central-1b', '2025-02-19 07:02:01', 'Linux/UNIX'),
(661, 126, 0.81290, 'eu-central-1a', '2025-02-19 07:01:51', 'Linux/UNIX'),
(662, 116, 1.79920, 'eu-central-1c', '2025-02-19 06:17:31', 'Linux/UNIX'),
(663, 132, 2.22580, 'eu-central-1c', '2025-02-19 06:17:23', 'Linux/UNIX'),
(664, 115, 0.55060, 'eu-central-1c', '2025-02-19 06:17:19', 'Linux/UNIX'),
(665, 122, 1.36190, 'eu-central-1c', '2025-02-19 06:16:42', 'Linux/UNIX'),
(666, 132, 2.21790, 'eu-central-1b', '2025-02-19 06:01:41', 'Linux/UNIX'),
(667, 124, 0.53540, 'eu-central-1b', '2025-02-19 05:47:38', 'Linux/UNIX'),
(668, 126, 0.90670, 'eu-central-1b', '2025-02-19 05:16:37', 'Linux/UNIX'),
(669, 115, 0.55210, 'eu-central-1b', '2025-02-19 05:16:36', 'Linux/UNIX'),
(670, 123, 1.51840, 'eu-central-1b', '2025-02-19 04:47:32', 'Linux/UNIX'),
(671, 117, 1.81510, 'eu-central-1a', '2025-02-19 04:46:32', 'Linux/UNIX'),
(672, 122, 2.46070, 'eu-central-1a', '2025-02-19 04:31:41', 'Linux/UNIX'),
(673, 119, 1.18030, 'eu-central-1c', '2025-02-19 04:31:33', 'Linux/UNIX'),
(674, 118, 10.48870, 'eu-central-1c', '2025-02-19 04:17:18', 'Linux/UNIX'),
(675, 117, 2.13870, 'eu-central-1b', '2025-02-19 04:17:08', 'Linux/UNIX'),
(676, 119, 1.26370, 'eu-central-1a', '2025-02-19 04:01:32', 'Linux/UNIX'),
(677, 121, 2.48530, 'eu-central-1a', '2025-02-19 03:47:34', 'Linux/UNIX'),
(678, 123, 1.30510, 'eu-central-1c', '2025-02-19 03:46:20', 'Linux/UNIX'),
(679, 127, 0.26610, 'eu-central-1b', '2025-02-19 03:32:17', 'Linux/UNIX'),
(680, 129, 0.42810, 'eu-central-1b', '2025-02-19 03:31:35', 'Linux/UNIX'),
(681, 129, 0.41530, 'eu-central-1a', '2025-02-19 03:31:35', 'Linux/UNIX'),
(682, 114, 0.61310, 'eu-central-1c', '2025-02-19 03:31:31', 'Linux/UNIX'),
(683, 120, 0.97660, 'eu-central-1b', '2025-02-19 03:31:31', 'Linux/UNIX'),
(684, 133, 3.89140, 'eu-central-1a', '2025-02-19 03:17:24', 'Linux/UNIX');
INSERT INTO `instance_spot` (`id`, `instance_detail_id`, `spot_price`, `availability_zone`, `timestamp`, `os_supported`) VALUES
(685, 115, 0.55040, 'eu-central-1c', '2025-02-19 02:46:20', 'Linux/UNIX'),
(686, 116, 1.00530, 'eu-central-1a', '2025-02-19 02:32:20', 'Linux/UNIX'),
(687, 130, 0.34340, 'eu-central-1c', '2025-02-19 02:18:35', 'Linux/UNIX'),
(688, 118, 10.53710, 'eu-central-1a', '2025-02-19 02:17:31', 'Linux/UNIX'),
(689, 132, 1.65570, 'eu-central-1a', '2025-02-19 02:17:11', 'Linux/UNIX'),
(690, 128, 0.22120, 'eu-central-1c', '2025-02-19 02:17:00', 'Linux/UNIX'),
(691, 115, 0.55130, 'eu-central-1a', '2025-02-19 02:02:23', 'Linux/UNIX'),
(692, 124, 0.53180, 'eu-central-1a', '2025-02-19 01:47:35', 'Linux/UNIX'),
(693, 121, 2.14070, 'eu-central-1b', '2025-02-19 01:32:33', 'Linux/UNIX'),
(694, 114, 0.54980, 'eu-central-1a', '2025-02-19 01:32:23', 'Linux/UNIX'),
(695, 133, 3.91950, 'eu-central-1a', '2025-02-19 01:27:59', 'Linux/UNIX'),
(696, 133, 4.31310, 'eu-central-1c', '2025-02-19 01:27:59', 'Linux/UNIX'),
(697, 116, 1.78680, 'eu-central-1c', '2025-02-19 01:17:19', 'Linux/UNIX'),
(698, 127, 0.25280, 'eu-central-1a', '2025-02-19 01:02:38', 'Linux/UNIX'),
(699, 123, 1.83360, 'eu-central-1a', '2025-02-19 01:02:24', 'Linux/UNIX'),
(700, 120, 0.86790, 'eu-central-1a', '2025-02-19 00:46:43', 'Linux/UNIX'),
(701, 119, 1.43280, 'eu-central-1b', '2025-02-19 00:46:30', 'Linux/UNIX'),
(702, 132, 2.22370, 'eu-central-1b', '2025-02-19 00:02:28', 'Linux/UNIX'),
(703, 118, 10.49070, 'eu-central-1c', '2025-02-19 00:01:55', 'Linux/UNIX'),
(704, 114, 0.64360, 'eu-central-1b', '2025-02-18 23:47:22', 'Linux/UNIX'),
(705, 122, 1.33850, 'eu-central-1c', '2025-02-18 23:46:39', 'Linux/UNIX'),
(706, 121, 2.42990, 'eu-central-1a', '2025-02-18 23:32:32', 'Linux/UNIX'),
(707, 123, 1.51720, 'eu-central-1b', '2025-02-18 23:17:31', 'Linux/UNIX'),
(708, 133, 3.91950, 'eu-central-1a', '2025-02-18 23:01:27', 'Linux/UNIX'),
(709, 127, 0.26880, 'eu-central-1b', '2025-02-18 22:47:30', 'Linux/UNIX'),
(710, 119, 1.20520, 'eu-central-1c', '2025-02-18 22:46:33', 'Linux/UNIX'),
(711, 126, 0.81180, 'eu-central-1a', '2025-02-18 22:46:31', 'Linux/UNIX'),
(712, 132, 2.23580, 'eu-central-1c', '2025-02-18 22:31:54', 'Linux/UNIX'),
(713, 127, 0.26890, 'eu-central-1b', '2025-02-18 22:27:30', 'Linux/UNIX'),
(714, 127, 0.25350, 'eu-central-1a', '2025-02-18 22:27:30', 'Linux/UNIX'),
(715, 131, 40.94480, 'eu-central-1b', '2025-02-18 22:19:20', 'Linux/UNIX'),
(716, 116, 1.00870, 'eu-central-1a', '2025-02-18 22:17:30', 'Linux/UNIX'),
(717, 124, 0.53580, 'eu-central-1b', '2025-02-18 21:47:34', 'Linux/UNIX'),
(718, 117, 2.13680, 'eu-central-1b', '2025-02-18 21:02:06', 'Linux/UNIX'),
(719, 133, 4.31310, 'eu-central-1c', '2025-02-18 20:46:37', 'Linux/UNIX'),
(720, 115, 0.55070, 'eu-central-1c', '2025-02-18 20:31:55', 'Linux/UNIX'),
(721, 122, 2.46480, 'eu-central-1a', '2025-02-18 20:31:38', 'Linux/UNIX'),
(722, 129, 0.42650, 'eu-central-1b', '2025-02-18 20:17:29', 'Linux/UNIX'),
(723, 126, 0.90270, 'eu-central-1b', '2025-02-18 20:16:47', 'Linux/UNIX'),
(724, 116, 1.78420, 'eu-central-1c', '2025-02-18 19:47:25', 'Linux/UNIX'),
(725, 120, 0.96670, 'eu-central-1b', '2025-02-18 19:46:40', 'Linux/UNIX'),
(726, 117, 1.79840, 'eu-central-1a', '2025-02-18 19:46:36', 'Linux/UNIX'),
(727, 127, 0.25350, 'eu-central-1a', '2025-02-18 19:32:26', 'Linux/UNIX'),
(728, 115, 0.55360, 'eu-central-1b', '2025-02-18 19:31:48', 'Linux/UNIX'),
(729, 129, 0.41470, 'eu-central-1a', '2025-02-18 19:16:35', 'Linux/UNIX'),
(730, 119, 1.26120, 'eu-central-1a', '2025-02-18 19:16:20', 'Linux/UNIX'),
(731, 123, 1.30430, 'eu-central-1c', '2025-02-18 19:01:29', 'Linux/UNIX'),
(732, 114, 0.61280, 'eu-central-1c', '2025-02-18 18:46:36', 'Linux/UNIX'),
(733, 128, 0.22010, 'eu-central-1c', '2025-02-18 18:17:31', 'Linux/UNIX'),
(734, 121, 2.10370, 'eu-central-1b', '2025-02-18 18:02:22', 'Linux/UNIX'),
(735, 132, 1.67110, 'eu-central-1a', '2025-02-18 17:47:17', 'Linux/UNIX'),
(736, 132, 2.22120, 'eu-central-1b', '2025-02-18 17:32:17', 'Linux/UNIX'),
(737, 115, 0.54950, 'eu-central-1a', '2025-02-18 17:31:19', 'Linux/UNIX'),
(738, 133, 3.93920, 'eu-central-1a', '2025-02-18 17:16:50', 'Linux/UNIX'),
(739, 114, 0.55070, 'eu-central-1a', '2025-02-18 17:02:26', 'Linux/UNIX'),
(740, 123, 1.81690, 'eu-central-1a', '2025-02-18 17:02:09', 'Linux/UNIX'),
(741, 123, 1.50650, 'eu-central-1b', '2025-02-18 16:32:07', 'Linux/UNIX'),
(742, 122, 1.31790, 'eu-central-1c', '2025-02-18 16:31:37', 'Linux/UNIX'),
(743, 119, 1.42370, 'eu-central-1b', '2025-02-18 16:16:39', 'Linux/UNIX'),
(744, 126, 0.89470, 'eu-central-1b', '2025-02-18 16:02:41', 'Linux/UNIX'),
(745, 116, 1.74400, 'eu-central-1c', '2025-02-18 16:02:11', 'Linux/UNIX'),
(746, 114, 0.64250, 'eu-central-1b', '2025-02-18 15:47:29', 'Linux/UNIX'),
(747, 122, 2.47130, 'eu-central-1a', '2025-02-18 15:32:27', 'Linux/UNIX'),
(748, 121, 2.39220, 'eu-central-1a', '2025-02-18 15:31:48', 'Linux/UNIX'),
(749, 115, 0.55420, 'eu-central-1b', '2025-02-18 15:17:42', 'Linux/UNIX'),
(750, 132, 2.24710, 'eu-central-1c', '2025-02-18 15:16:56', 'Linux/UNIX'),
(751, 124, 0.52900, 'eu-central-1b', '2025-02-18 15:02:31', 'Linux/UNIX'),
(752, 119, 1.21320, 'eu-central-1c', '2025-02-18 15:02:23', 'Linux/UNIX'),
(753, 118, 10.45810, 'eu-central-1c', '2025-02-18 15:01:38', 'Linux/UNIX'),
(754, 126, 0.80940, 'eu-central-1a', '2025-02-18 14:46:40', 'Linux/UNIX'),
(755, 116, 1.01770, 'eu-central-1a', '2025-02-18 14:17:30', 'Linux/UNIX'),
(756, 115, 0.55090, 'eu-central-1c', '2025-02-18 14:16:31', 'Linux/UNIX'),
(757, 129, 0.42550, 'eu-central-1b', '2025-02-18 14:02:23', 'Linux/UNIX'),
(758, 129, 0.41440, 'eu-central-1a', '2025-02-18 14:02:23', 'Linux/UNIX'),
(759, 114, 0.60920, 'eu-central-1c', '2025-02-18 13:31:46', 'Linux/UNIX'),
(760, 118, 10.47730, 'eu-central-1a', '2025-02-18 13:31:37', 'Linux/UNIX'),
(761, 123, 1.83380, 'eu-central-1a', '2025-02-18 13:17:07', 'Linux/UNIX'),
(762, 120, 0.86470, 'eu-central-1a', '2025-02-18 13:16:31', 'Linux/UNIX'),
(763, 125, 10.60800, 'eu-central-1a', '2025-02-18 13:12:36', 'Linux/UNIX'),
(764, 123, 1.30010, 'eu-central-1c', '2025-02-18 13:02:06', 'Linux/UNIX'),
(765, 121, 2.08000, 'eu-central-1b', '2025-02-18 12:47:36', 'Linux/UNIX'),
(766, 128, 0.21970, 'eu-central-1c', '2025-02-18 12:46:40', 'Linux/UNIX'),
(767, 117, 2.13470, 'eu-central-1b', '2025-02-18 12:32:26', 'Linux/UNIX'),
(768, 133, 4.32320, 'eu-central-1c', '2025-02-18 12:31:30', 'Linux/UNIX'),
(769, 124, 0.53720, 'eu-central-1a', '2025-02-18 12:16:51', 'Linux/UNIX'),
(770, 127, 0.26890, 'eu-central-1b', '2025-02-18 12:16:32', 'Linux/UNIX'),
(771, 127, 0.25340, 'eu-central-1a', '2025-02-18 12:16:32', 'Linux/UNIX'),
(772, 118, 10.44000, 'eu-central-1c', '2025-02-18 11:47:31', 'Linux/UNIX'),
(773, 117, 1.76980, 'eu-central-1a', '2025-02-18 11:47:26', 'Linux/UNIX'),
(774, 115, 0.55430, 'eu-central-1b', '2025-02-18 11:32:36', 'Linux/UNIX'),
(775, 132, 1.64420, 'eu-central-1a', '2025-02-18 11:17:42', 'Linux/UNIX'),
(776, 119, 1.40520, 'eu-central-1b', '2025-02-18 11:17:20', 'Linux/UNIX'),
(777, 120, 0.96100, 'eu-central-1b', '2025-02-18 11:01:46', 'Linux/UNIX'),
(778, 115, 0.54980, 'eu-central-1a', '2025-02-18 11:01:31', 'Linux/UNIX'),
(779, 119, 1.26530, 'eu-central-1a', '2025-02-18 10:47:30', 'Linux/UNIX'),
(780, 114, 0.64110, 'eu-central-1b', '2025-02-18 09:47:16', 'Linux/UNIX'),
(781, 114, 0.55080, 'eu-central-1a', '2025-02-18 09:47:16', 'Linux/UNIX'),
(782, 114, 0.60330, 'eu-central-1c', '2025-02-18 09:47:16', 'Linux/UNIX'),
(783, 122, 1.29520, 'eu-central-1c', '2025-02-18 09:46:35', 'Linux/UNIX'),
(784, 122, 2.47320, 'eu-central-1a', '2025-02-18 09:16:34', 'Linux/UNIX'),
(785, 115, 0.54990, 'eu-central-1c', '2025-02-18 09:02:43', 'Linux/UNIX'),
(786, 123, 1.29030, 'eu-central-1c', '2025-02-18 09:02:06', 'Linux/UNIX'),
(787, 133, 3.95320, 'eu-central-1a', '2025-02-18 09:01:32', 'Linux/UNIX'),
(788, 127, 0.25370, 'eu-central-1a', '2025-02-18 08:47:25', 'Linux/UNIX'),
(789, 123, 1.83800, 'eu-central-1a', '2025-02-18 08:31:20', 'Linux/UNIX'),
(790, 116, 1.03950, 'eu-central-1a', '2025-02-18 08:17:35', 'Linux/UNIX'),
(791, 116, 1.71340, 'eu-central-1c', '2025-02-18 08:17:35', 'Linux/UNIX'),
(792, 123, 1.48550, 'eu-central-1b', '2025-02-18 08:17:06', 'Linux/UNIX'),
(793, 132, 2.22510, 'eu-central-1b', '2025-02-18 08:01:46', 'Linux/UNIX'),
(794, 121, 2.34980, 'eu-central-1a', '2025-02-18 07:47:35', 'Linux/UNIX'),
(795, 126, 0.80370, 'eu-central-1a', '2025-02-18 07:47:19', 'Linux/UNIX'),
(796, 126, 0.89360, 'eu-central-1b', '2025-02-18 07:16:22', 'Linux/UNIX'),
(797, 118, 10.43440, 'eu-central-1a', '2025-02-18 07:01:53', 'Linux/UNIX'),
(798, 132, 2.29490, 'eu-central-1c', '2025-02-18 07:01:45', 'Linux/UNIX'),
(799, 128, 0.21880, 'eu-central-1c', '2025-02-18 07:01:40', 'Linux/UNIX'),
(800, 129, 0.42800, 'eu-central-1b', '2025-02-18 07:01:36', 'Linux/UNIX'),
(801, 121, 2.05480, 'eu-central-1b', '2025-02-18 06:47:34', 'Linux/UNIX'),
(802, 124, 0.52680, 'eu-central-1b', '2025-02-18 06:32:01', 'Linux/UNIX'),
(803, 119, 1.21750, 'eu-central-1c', '2025-02-18 06:32:01', 'Linux/UNIX'),
(804, 120, 0.96010, 'eu-central-1b', '2025-02-18 06:31:48', 'Linux/UNIX'),
(805, 120, 0.86620, 'eu-central-1a', '2025-02-18 06:17:06', 'Linux/UNIX'),
(806, 115, 0.55360, 'eu-central-1b', '2025-02-18 06:16:46', 'Linux/UNIX'),
(807, 132, 1.63420, 'eu-central-1a', '2025-02-18 06:02:24', 'Linux/UNIX'),
(808, 127, 0.25350, 'eu-central-1a', '2025-02-18 05:32:12', 'Linux/UNIX'),
(809, 122, 2.47790, 'eu-central-1a', '2025-02-18 05:31:33', 'Linux/UNIX'),
(810, 114, 0.63920, 'eu-central-1b', '2025-02-18 05:17:23', 'Linux/UNIX'),
(811, 117, 1.74800, 'eu-central-1a', '2025-02-18 04:47:29', 'Linux/UNIX'),
(812, 115, 0.55070, 'eu-central-1a', '2025-02-18 04:31:31', 'Linux/UNIX'),
(813, 127, 0.27000, 'eu-central-1b', '2025-02-18 04:16:37', 'Linux/UNIX'),
(814, 117, 2.14810, 'eu-central-1b', '2025-02-18 04:16:32', 'Linux/UNIX'),
(815, 118, 10.43690, 'eu-central-1c', '2025-02-18 04:02:35', 'Linux/UNIX'),
(816, 119, 1.40390, 'eu-central-1b', '2025-02-18 03:47:00', 'Linux/UNIX'),
(817, 126, 0.90010, 'eu-central-1b', '2025-02-18 03:46:34', 'Linux/UNIX'),
(818, 114, 0.55230, 'eu-central-1a', '2025-02-18 03:32:25', 'Linux/UNIX'),
(819, 119, 1.26810, 'eu-central-1a', '2025-02-18 03:32:00', 'Linux/UNIX'),
(820, 118, 10.40040, 'eu-central-1a', '2025-02-18 03:31:44', 'Linux/UNIX'),
(821, 123, 1.88410, 'eu-central-1a', '2025-02-18 03:31:25', 'Linux/UNIX'),
(822, 128, 0.21810, 'eu-central-1c', '2025-02-18 03:01:38', 'Linux/UNIX'),
(823, 133, 3.92620, 'eu-central-1a', '2025-02-18 03:01:35', 'Linux/UNIX'),
(824, 116, 1.68590, 'eu-central-1c', '2025-02-18 02:46:51', 'Linux/UNIX'),
(825, 123, 1.28890, 'eu-central-1c', '2025-02-18 02:31:33', 'Linux/UNIX'),
(826, 130, 0.34340, 'eu-central-1c', '2025-02-18 02:18:07', 'Linux/UNIX'),
(827, 120, 0.95490, 'eu-central-1b', '2025-02-18 02:17:19', 'Linux/UNIX'),
(828, 121, 2.29990, 'eu-central-1a', '2025-02-18 02:02:35', 'Linux/UNIX'),
(829, 114, 0.60150, 'eu-central-1c', '2025-02-18 01:47:25', 'Linux/UNIX'),
(830, 120, 0.86120, 'eu-central-1a', '2025-02-18 01:31:41', 'Linux/UNIX'),
(831, 122, 1.26950, 'eu-central-1c', '2025-02-18 01:31:31', 'Linux/UNIX'),
(832, 115, 0.54960, 'eu-central-1b', '2025-02-18 01:31:18', 'Linux/UNIX'),
(833, 132, 2.23170, 'eu-central-1b', '2025-02-18 01:17:29', 'Linux/UNIX'),
(834, 115, 0.54980, 'eu-central-1c', '2025-02-18 01:16:30', 'Linux/UNIX'),
(835, 124, 0.53330, 'eu-central-1b', '2025-02-18 00:47:38', 'Linux/UNIX'),
(836, 132, 2.29750, 'eu-central-1c', '2025-02-18 00:47:29', 'Linux/UNIX'),
(837, 133, 4.33370, 'eu-central-1c', '2025-02-18 00:32:36', 'Linux/UNIX'),
(838, 123, 1.47420, 'eu-central-1b', '2025-02-18 00:32:27', 'Linux/UNIX'),
(839, 116, 1.05400, 'eu-central-1a', '2025-02-18 00:32:24', 'Linux/UNIX'),
(840, 124, 0.53840, 'eu-central-1a', '2025-02-18 00:17:37', 'Linux/UNIX'),
(841, 121, 2.04750, 'eu-central-1b', '2025-02-17 23:47:34', 'Linux/UNIX'),
(842, 115, 0.54990, 'eu-central-1a', '2025-02-17 23:46:37', 'Linux/UNIX'),
(843, 123, 1.89630, 'eu-central-1a', '2025-02-17 23:17:05', 'Linux/UNIX'),
(844, 126, 0.79560, 'eu-central-1a', '2025-02-17 23:16:36', 'Linux/UNIX'),
(845, 118, 10.39740, 'eu-central-1a', '2025-02-17 23:02:36', 'Linux/UNIX'),
(846, 128, 0.21770, 'eu-central-1c', '2025-02-17 23:01:36', 'Linux/UNIX'),
(847, 116, 1.66860, 'eu-central-1c', '2025-02-17 22:47:22', 'Linux/UNIX'),
(848, 129, 0.42830, 'eu-central-1b', '2025-02-17 22:32:26', 'Linux/UNIX'),
(849, 127, 0.27100, 'eu-central-1b', '2025-02-17 22:32:25', 'Linux/UNIX'),
(850, 131, 40.94480, 'eu-central-1b', '2025-02-17 22:19:09', 'Linux/UNIX'),
(851, 126, 0.90660, 'eu-central-1b', '2025-02-17 22:17:36', 'Linux/UNIX'),
(852, 114, 0.63890, 'eu-central-1b', '2025-02-17 22:16:59', 'Linux/UNIX'),
(853, 115, 0.54890, 'eu-central-1b', '2025-02-17 22:02:41', 'Linux/UNIX'),
(854, 119, 1.22420, 'eu-central-1c', '2025-02-17 22:01:58', 'Linux/UNIX'),
(855, 123, 1.28000, 'eu-central-1c', '2025-02-17 21:32:30', 'Linux/UNIX'),
(856, 127, 0.25290, 'eu-central-1a', '2025-02-17 21:31:41', 'Linux/UNIX'),
(857, 122, 2.48320, 'eu-central-1a', '2025-02-17 21:17:29', 'Linux/UNIX'),
(858, 117, 1.72350, 'eu-central-1a', '2025-02-17 21:17:23', 'Linux/UNIX'),
(859, 132, 1.62480, 'eu-central-1a', '2025-02-17 21:02:30', 'Linux/UNIX'),
(860, 119, 1.39400, 'eu-central-1b', '2025-02-17 21:01:57', 'Linux/UNIX'),
(861, 119, 1.26930, 'eu-central-1a', '2025-02-17 20:17:18', 'Linux/UNIX'),
(862, 133, 3.92390, 'eu-central-1a', '2025-02-17 20:16:38', 'Linux/UNIX'),
(863, 129, 0.41340, 'eu-central-1a', '2025-02-17 19:47:28', 'Linux/UNIX'),
(864, 117, 2.15200, 'eu-central-1b', '2025-02-17 19:47:22', 'Linux/UNIX'),
(865, 124, 0.52350, 'eu-central-1b', '2025-02-17 19:32:14', 'Linux/UNIX'),
(866, 114, 0.55180, 'eu-central-1a', '2025-02-17 19:17:21', 'Linux/UNIX'),
(867, 116, 1.64290, 'eu-central-1c', '2025-02-17 19:17:14', 'Linux/UNIX'),
(868, 123, 1.46550, 'eu-central-1b', '2025-02-17 19:17:13', 'Linux/UNIX'),
(869, 118, 10.41890, 'eu-central-1c', '2025-02-17 19:16:45', 'Linux/UNIX'),
(870, 132, 2.30810, 'eu-central-1c', '2025-02-17 19:02:31', 'Linux/UNIX'),
(871, 114, 0.60140, 'eu-central-1c', '2025-02-17 19:01:37', 'Linux/UNIX'),
(872, 124, 0.53990, 'eu-central-1a', '2025-02-17 18:47:21', 'Linux/UNIX'),
(873, 121, 2.27550, 'eu-central-1a', '2025-02-17 18:16:44', 'Linux/UNIX'),
(874, 132, 2.23460, 'eu-central-1b', '2025-02-17 18:02:26', 'Linux/UNIX'),
(875, 116, 1.07470, 'eu-central-1a', '2025-02-17 18:01:48', 'Linux/UNIX'),
(876, 128, 0.21720, 'eu-central-1c', '2025-02-17 18:01:35', 'Linux/UNIX'),
(877, 129, 0.42820, 'eu-central-1b', '2025-02-17 17:47:23', 'Linux/UNIX'),
(878, 121, 2.02620, 'eu-central-1b', '2025-02-17 17:46:43', 'Linux/UNIX'),
(879, 120, 0.95140, 'eu-central-1b', '2025-02-17 17:46:34', 'Linux/UNIX'),
(880, 122, 1.24540, 'eu-central-1c', '2025-02-17 17:32:27', 'Linux/UNIX'),
(881, 117, 1.68840, 'eu-central-1a', '2025-02-17 17:31:55', 'Linux/UNIX'),
(882, 133, 4.34830, 'eu-central-1c', '2025-02-17 17:16:34', 'Linux/UNIX'),
(883, 115, 0.54900, 'eu-central-1b', '2025-02-17 17:02:33', 'Linux/UNIX'),
(884, 115, 0.55210, 'eu-central-1c', '2025-02-17 17:02:33', 'Linux/UNIX'),
(885, 119, 1.38760, 'eu-central-1b', '2025-02-17 16:47:16', 'Linux/UNIX'),
(886, 120, 0.85060, 'eu-central-1a', '2025-02-17 16:31:34', 'Linux/UNIX'),
(887, 132, 2.25060, 'eu-central-1b', '2025-02-17 16:27:28', 'Linux/UNIX'),
(888, 132, 1.62110, 'eu-central-1a', '2025-02-17 16:27:28', 'Linux/UNIX'),
(889, 132, 2.29280, 'eu-central-1c', '2025-02-17 16:27:28', 'Linux/UNIX'),
(890, 123, 1.90490, 'eu-central-1a', '2025-02-17 16:16:21', 'Linux/UNIX'),
(891, 124, 0.51310, 'eu-central-1b', '2025-02-17 16:02:35', 'Linux/UNIX'),
(892, 132, 1.62110, 'eu-central-1a', '2025-02-17 16:01:47', 'Linux/UNIX'),
(893, 123, 1.27090, 'eu-central-1c', '2025-02-17 15:32:19', 'Linux/UNIX'),
(894, 122, 2.48740, 'eu-central-1a', '2025-02-17 15:17:26', 'Linux/UNIX'),
(895, 129, 0.41380, 'eu-central-1a', '2025-02-17 15:01:33', 'Linux/UNIX'),
(896, 119, 1.22590, 'eu-central-1c', '2025-02-17 14:47:26', 'Linux/UNIX'),
(897, 123, 1.45790, 'eu-central-1b', '2025-02-17 14:46:53', 'Linux/UNIX'),
(898, 132, 2.29280, 'eu-central-1c', '2025-02-17 14:31:49', 'Linux/UNIX'),
(899, 126, 0.91560, 'eu-central-1b', '2025-02-17 14:31:40', 'Linux/UNIX'),
(900, 118, 10.38710, 'eu-central-1a', '2025-02-17 14:17:26', 'Linux/UNIX'),
(901, 126, 0.80030, 'eu-central-1a', '2025-02-17 14:16:48', 'Linux/UNIX'),
(902, 127, 0.27340, 'eu-central-1b', '2025-02-17 14:16:32', 'Linux/UNIX'),
(903, 127, 0.25170, 'eu-central-1a', '2025-02-17 14:16:32', 'Linux/UNIX'),
(904, 119, 1.27850, 'eu-central-1a', '2025-02-17 13:47:25', 'Linux/UNIX'),
(905, 114, 0.60120, 'eu-central-1c', '2025-02-17 13:47:18', 'Linux/UNIX'),
(906, 121, 2.26040, 'eu-central-1a', '2025-02-17 13:17:30', 'Linux/UNIX'),
(907, 114, 0.63940, 'eu-central-1b', '2025-02-17 13:17:30', 'Linux/UNIX'),
(908, 125, 10.60800, 'eu-central-1a', '2025-02-17 13:12:24', 'Linux/UNIX'),
(909, 121, 2.02360, 'eu-central-1b', '2025-02-17 12:47:30', 'Linux/UNIX'),
(910, 133, 3.92070, 'eu-central-1a', '2025-02-17 12:46:23', 'Linux/UNIX'),
(911, 123, 1.94870, 'eu-central-1a', '2025-02-17 12:31:51', 'Linux/UNIX'),
(912, 115, 0.55000, 'eu-central-1a', '2025-02-17 12:31:46', 'Linux/UNIX'),
(913, 116, 1.63430, 'eu-central-1c', '2025-02-17 12:01:44', 'Linux/UNIX'),
(914, 118, 10.37430, 'eu-central-1c', '2025-02-17 11:17:35', 'Linux/UNIX'),
(915, 119, 1.38850, 'eu-central-1b', '2025-02-17 11:17:28', 'Linux/UNIX'),
(916, 117, 2.15960, 'eu-central-1b', '2025-02-17 10:46:47', 'Linux/UNIX'),
(917, 116, 1.07720, 'eu-central-1a', '2025-02-17 10:46:43', 'Linux/UNIX'),
(918, 120, 0.94830, 'eu-central-1b', '2025-02-17 10:32:13', 'Linux/UNIX'),
(919, 122, 1.23320, 'eu-central-1c', '2025-02-17 10:02:23', 'Linux/UNIX'),
(920, 115, 0.55340, 'eu-central-1c', '2025-02-17 10:01:29', 'Linux/UNIX'),
(921, 124, 0.50810, 'eu-central-1b', '2025-02-17 09:47:13', 'Linux/UNIX'),
(922, 117, 1.68450, 'eu-central-1a', '2025-02-17 09:47:10', 'Linux/UNIX'),
(923, 119, 1.22740, 'eu-central-1c', '2025-02-17 09:47:03', 'Linux/UNIX'),
(924, 129, 0.42630, 'eu-central-1b', '2025-02-17 09:31:31', 'Linux/UNIX'),
(925, 128, 0.21650, 'eu-central-1c', '2025-02-17 09:31:29', 'Linux/UNIX'),
(926, 115, 0.54500, 'eu-central-1b', '2025-02-17 09:16:35', 'Linux/UNIX'),
(927, 119, 1.28020, 'eu-central-1a', '2025-02-17 09:16:34', 'Linux/UNIX'),
(928, 133, 3.91760, 'eu-central-1a', '2025-02-17 08:47:15', 'Linux/UNIX'),
(929, 118, 10.38930, 'eu-central-1a', '2025-02-17 08:32:25', 'Linux/UNIX'),
(930, 127, 0.25160, 'eu-central-1a', '2025-02-17 08:32:22', 'Linux/UNIX'),
(931, 114, 0.63970, 'eu-central-1b', '2025-02-17 08:32:18', 'Linux/UNIX'),
(932, 133, 4.35400, 'eu-central-1c', '2025-02-17 08:31:45', 'Linux/UNIX'),
(933, 115, 0.55030, 'eu-central-1a', '2025-02-17 08:17:24', 'Linux/UNIX'),
(934, 132, 1.61970, 'eu-central-1a', '2025-02-17 08:02:04', 'Linux/UNIX'),
(935, 120, 0.85130, 'eu-central-1a', '2025-02-17 08:01:33', 'Linux/UNIX'),
(936, 127, 0.27490, 'eu-central-1b', '2025-02-17 07:46:56', 'Linux/UNIX'),
(937, 123, 1.43640, 'eu-central-1b', '2025-02-17 07:31:47', 'Linux/UNIX'),
(938, 122, 2.49090, 'eu-central-1a', '2025-02-17 07:17:21', 'Linux/UNIX'),
(939, 129, 0.41470, 'eu-central-1a', '2025-02-17 07:02:19', 'Linux/UNIX'),
(940, 123, 1.27260, 'eu-central-1c', '2025-02-17 07:01:47', 'Linux/UNIX'),
(941, 126, 0.91950, 'eu-central-1b', '2025-02-17 07:01:27', 'Linux/UNIX'),
(942, 126, 0.80420, 'eu-central-1a', '2025-02-17 07:01:27', 'Linux/UNIX'),
(943, 124, 0.54170, 'eu-central-1a', '2025-02-17 06:47:11', 'Linux/UNIX'),
(944, 114, 0.55090, 'eu-central-1a', '2025-02-17 06:46:32', 'Linux/UNIX'),
(945, 122, 1.21300, 'eu-central-1c', '2025-02-17 06:32:21', 'Linux/UNIX'),
(946, 121, 2.21450, 'eu-central-1a', '2025-02-17 06:32:17', 'Linux/UNIX'),
(947, 114, 0.60270, 'eu-central-1c', '2025-02-17 06:31:32', 'Linux/UNIX'),
(948, 132, 2.25060, 'eu-central-1b', '2025-02-17 06:17:10', 'Linux/UNIX'),
(949, 121, 1.98050, 'eu-central-1b', '2025-02-17 05:47:14', 'Linux/UNIX'),
(950, 116, 1.10380, 'eu-central-1a', '2025-02-17 05:47:02', 'Linux/UNIX'),
(951, 123, 1.96460, 'eu-central-1a', '2025-02-17 05:02:46', 'Linux/UNIX'),
(952, 133, 4.36560, 'eu-central-1c', '2025-02-17 05:01:28', 'Linux/UNIX'),
(953, 116, 1.60600, 'eu-central-1c', '2025-02-17 04:32:01', 'Linux/UNIX'),
(954, 117, 2.16110, 'eu-central-1b', '2025-02-17 04:16:53', 'Linux/UNIX'),
(955, 114, 0.63940, 'eu-central-1b', '2025-02-17 04:02:23', 'Linux/UNIX'),
(956, 118, 10.36010, 'eu-central-1c', '2025-02-17 04:02:08', 'Linux/UNIX'),
(957, 129, 0.41700, 'eu-central-1a', '2025-02-17 03:31:33', 'Linux/UNIX'),
(958, 114, 0.60730, 'eu-central-1c', '2025-02-17 03:17:08', 'Linux/UNIX'),
(959, 119, 1.27950, 'eu-central-1a', '2025-02-17 03:16:42', 'Linux/UNIX'),
(960, 120, 0.85370, 'eu-central-1a', '2025-02-17 03:01:31', 'Linux/UNIX'),
(961, 115, 0.54490, 'eu-central-1b', '2025-02-17 02:47:31', 'Linux/UNIX'),
(962, 129, 0.42670, 'eu-central-1b', '2025-02-17 02:46:42', 'Linux/UNIX'),
(963, 117, 1.64390, 'eu-central-1a', '2025-02-17 02:46:27', 'Linux/UNIX'),
(964, 128, 0.21600, 'eu-central-1c', '2025-02-17 02:46:26', 'Linux/UNIX'),
(965, 132, 2.24060, 'eu-central-1c', '2025-02-17 02:31:31', 'Linux/UNIX'),
(966, 116, 1.11230, 'eu-central-1a', '2025-02-17 02:31:24', 'Linux/UNIX'),
(967, 130, 0.34340, 'eu-central-1c', '2025-02-17 02:17:55', 'Linux/UNIX'),
(968, 120, 0.93410, 'eu-central-1b', '2025-02-17 02:02:31', 'Linux/UNIX'),
(969, 115, 0.55290, 'eu-central-1c', '2025-02-17 01:46:37', 'Linux/UNIX'),
(970, 123, 1.97920, 'eu-central-1a', '2025-02-17 01:17:39', 'Linux/UNIX'),
(971, 114, 0.55060, 'eu-central-1a', '2025-02-17 01:02:08', 'Linux/UNIX'),
(972, 119, 1.38910, 'eu-central-1b', '2025-02-17 01:02:03', 'Linux/UNIX'),
(973, 119, 1.22310, 'eu-central-1c', '2025-02-17 01:02:03', 'Linux/UNIX'),
(974, 124, 0.50500, 'eu-central-1b', '2025-02-17 00:47:32', 'Linux/UNIX'),
(975, 133, 3.91570, 'eu-central-1a', '2025-02-17 00:47:17', 'Linux/UNIX'),
(976, 123, 1.40480, 'eu-central-1b', '2025-02-17 00:31:38', 'Linux/UNIX'),
(977, 132, 1.60590, 'eu-central-1a', '2025-02-17 00:17:30', 'Linux/UNIX'),
(978, 123, 1.27810, 'eu-central-1c', '2025-02-17 00:16:38', 'Linux/UNIX'),
(979, 115, 0.55050, 'eu-central-1a', '2025-02-17 00:16:36', 'Linux/UNIX'),
(980, 127, 0.25130, 'eu-central-1a', '2025-02-17 00:16:33', 'Linux/UNIX'),
(981, 121, 2.17060, 'eu-central-1a', '2025-02-16 23:17:29', 'Linux/UNIX'),
(982, 129, 0.42280, 'eu-central-1a', '2025-02-16 23:16:36', 'Linux/UNIX'),
(983, 126, 0.92170, 'eu-central-1b', '2025-02-16 23:16:34', 'Linux/UNIX'),
(984, 128, 0.21560, 'eu-central-1c', '2025-02-16 23:02:25', 'Linux/UNIX'),
(985, 133, 4.37660, 'eu-central-1c', '2025-02-16 23:02:16', 'Linux/UNIX'),
(986, 129, 0.42870, 'eu-central-1b', '2025-02-16 22:46:36', 'Linux/UNIX'),
(987, 114, 0.60940, 'eu-central-1c', '2025-02-16 22:46:31', 'Linux/UNIX'),
(988, 132, 2.25940, 'eu-central-1b', '2025-02-16 22:32:30', 'Linux/UNIX'),
(989, 121, 1.97000, 'eu-central-1b', '2025-02-16 22:31:29', 'Linux/UNIX'),
(990, 131, 40.94480, 'eu-central-1b', '2025-02-16 22:18:54', 'Linux/UNIX'),
(991, 124, 0.54410, 'eu-central-1a', '2025-02-16 22:17:31', 'Linux/UNIX'),
(992, 122, 1.19710, 'eu-central-1c', '2025-02-16 22:17:10', 'Linux/UNIX'),
(993, 120, 0.85620, 'eu-central-1a', '2025-02-16 22:01:26', 'Linux/UNIX'),
(994, 116, 1.56930, 'eu-central-1c', '2025-02-16 22:01:22', 'Linux/UNIX'),
(995, 118, 10.35240, 'eu-central-1c', '2025-02-16 21:32:34', 'Linux/UNIX'),
(996, 115, 0.54340, 'eu-central-1b', '2025-02-16 21:32:30', 'Linux/UNIX'),
(997, 117, 2.16010, 'eu-central-1b', '2025-02-16 21:31:34', 'Linux/UNIX'),
(998, 119, 1.27930, 'eu-central-1a', '2025-02-16 21:02:02', 'Linux/UNIX'),
(999, 116, 1.12270, 'eu-central-1a', '2025-02-16 20:47:21', 'Linux/UNIX'),
(1000, 119, 1.38950, 'eu-central-1b', '2025-02-16 20:47:01', 'Linux/UNIX');

-- --------------------------------------------------------

--
-- Table structure for table `provider`
--

CREATE TABLE `provider` (
  `id` int NOT NULL,
  `name` varchar(50) CHARACTER SET utf8mb4 COLLATE utf8mb4_unicode_ci NOT NULL
) ENGINE=InnoDB DEFAULT CHARSET=utf8mb4 COLLATE=utf8mb4_unicode_ci;

--
-- Dumping data for table `provider`
--

INSERT INTO `provider` (`id`, `name`) VALUES
(3, 'AWS');

-- --------------------------------------------------------

--
-- Table structure for table `tiny_puppy`
--

CREATE TABLE `tiny_puppy` (
  `id` int NOT NULL,
  `name` varchar(255) CHARACTER SET utf8mb4 COLLATE utf8mb4_unicode_ci NOT NULL
) ENGINE=InnoDB DEFAULT CHARSET=utf8mb4 COLLATE=utf8mb4_unicode_ci;

--
-- Indexes for dumped tables
--

--
-- Indexes for table `doctrine_migration_versions`
--
ALTER TABLE `doctrine_migration_versions`
  ADD PRIMARY KEY (`version`);

--
-- Indexes for table `instance_detail`
--
ALTER TABLE `instance_detail`
  ADD PRIMARY KEY (`id`),
  ADD UNIQUE KEY `UNIQ_6D6308E8A4D407E2` (`instance_type`),
  ADD KEY `IDX_6D6308E8A53A8AA` (`provider_id`);

--
-- Indexes for table `instance_spot`
--
ALTER TABLE `instance_spot`
  ADD PRIMARY KEY (`id`),
  ADD KEY `IDX_91382AB8DDD2FEAF` (`instance_detail_id`);

--
-- Indexes for table `provider`
--
ALTER TABLE `provider`
  ADD PRIMARY KEY (`id`),
  ADD UNIQUE KEY `UNIQ_92C4739C5E237E06` (`name`);

--
-- Indexes for table `tiny_puppy`
--
ALTER TABLE `tiny_puppy`
  ADD PRIMARY KEY (`id`);

--
-- AUTO_INCREMENT for dumped tables
--

--
-- AUTO_INCREMENT for table `instance_detail`
--
ALTER TABLE `instance_detail`
  MODIFY `id` int NOT NULL AUTO_INCREMENT, AUTO_INCREMENT=163;

--
-- AUTO_INCREMENT for table `instance_spot`
--
ALTER TABLE `instance_spot`
  MODIFY `id` int NOT NULL AUTO_INCREMENT, AUTO_INCREMENT=1001;

--
-- AUTO_INCREMENT for table `provider`
--
ALTER TABLE `provider`
  MODIFY `id` int NOT NULL AUTO_INCREMENT, AUTO_INCREMENT=4;

--
-- AUTO_INCREMENT for table `tiny_puppy`
--
ALTER TABLE `tiny_puppy`
  MODIFY `id` int NOT NULL AUTO_INCREMENT;

--
-- Constraints for dumped tables
--

--
-- Constraints for table `instance_detail`
--
ALTER TABLE `instance_detail`
  ADD CONSTRAINT `FK_6D6308E8A53A8AA` FOREIGN KEY (`provider_id`) REFERENCES `provider` (`id`);

--
-- Constraints for table `instance_spot`
--
ALTER TABLE `instance_spot`
  ADD CONSTRAINT `FK_91382AB8DDD2FEAF` FOREIGN KEY (`instance_detail_id`) REFERENCES `instance_detail` (`id`);
COMMIT;

/*!40101 SET CHARACTER_SET_CLIENT=@OLD_CHARACTER_SET_CLIENT */;
/*!40101 SET CHARACTER_SET_RESULTS=@OLD_CHARACTER_SET_RESULTS */;
/*!40101 SET COLLATION_CONNECTION=@OLD_COLLATION_CONNECTION */;
